player,rank
Carlos Alcaraz,1
Jannik Sinner,2
Alexander Zverev,3
Taylor Fritz,4
Novak Djokovic,5
Ben Shelton,6
Alex de Minaur,7
Lorenzo Musetti,8
Jack Draper,9
Karen Khachanov,10
Holger Rune,11
Casper Ruud,12
Felix Auger Aliassime,13
Daniil Medvedev,14
Andrey Rublev,15
Alexander Bublik,16
Jiri Lehecka,17
Tommy Paul,18
Jakub Mensik,19
Alejandro Davidovich Fokina,20
Francisco Cerundolo,21
Flavio Cobolli,22
Denis Shapovalov,23
Stefanos Tsitsipas,24
Ugo Humbert,25
Luciano Darderi,26
Tallon Griekspoor,27
Arthur Rinderknech,28
Frances Tiafoe,29
Tomas Machac,30
Arthur Fils,31
Grigor Dimitrov,32
Cameron Norrie,33
Brandon Nakashima,34
Gabriel Diallo,35
Alex Michelsen,36
Giovanni Mpetshi Perricard,37
Learner Tien,38
Zizou Bergs,39
Valentin Vacherot,40
Corentin Moutet,41
Jaume Munar,42
Alexandre Muller,43
Sebastian Baez,44
Joao Fonseca,45
Nuno Borges,46
Lorenzo Sonego,47
Alexei Popyrin,48
Miomir Kecmanovic,49
Camilo Ugo Carabelli,50
Daniel Altmaier,51
Fabian Marozsan,52
Benjamin Bonzi,53
Marcos Giron,54
Marton Fucsovics,55
Jenson Brooksby,56
Roberto Bautista Agut,57
Arthur Cazaux,58
Adrian Mannarino,59
Sebastian Korda,60
Matteo Berrettini,61
Reilly Opelka,62
Tomas Martin Etcheverry,63
Hamad Medjedovic,64
Gael Monfils,65
Terence Atmane,66
Damir Dzumhur,67
Francisco Comesana,68
Aleksandar Kovacevic,69
Valentin Royer,70
Mattia Bellucci,71
Ethan Quinn,72
Alejandro Tabilo,73
Matteo Arnaldi,74
Kamil Majchrzak,75
Adam Walton,76
Quentin Halys,77
Hubert Hurkacz,78
Laslo Djere,79
Jordan Thompson,80
Jacob Fearnley,81
Jesper de Jong,82
Luca Nardi,83
Aleksandar Vukic,84
Mariano Navone,85
Botic van de Zandschulp,86
Juan Manuel Cerundolo,87
Dalibor Svrcina,88
Pedro Martinez,89
Raphael Collignon,90
Alexander Shevchenko,91
Marin Cilic,92
Emilio Nava,93
Vit Kopriva,94
Filip Misolic,95
Tristan Schoolkate,96
Hugo Gaston,97
Jan Lennard Struff,98
Mackenzie McDonald,99
Thiago Agustin Tirante,100
Nikoloz Basilashvili,101
Shintaro Mochizuki,102
Carlos Taberner,103
Pablo Carreno Busta,104
David Goffin,105
Christopher O'Connell,106
Borna Coric,107
Cristian Garin,108
Nicolas Jarry,109
Martin Landaluce,110
Eliot Spizzirri,111
Brandon Holt,112
Ignacio Buse,113
Rinky Hijikata,114
Yunchaokete Bu,115
Otto Virtanen,116
Kei Nishikori,117
Liam Draxl,118
Tomas Barrios Vera,119
Dino Prizmic,120
Dusan Lajovic,121
Roberto Carballes Baena,122
Alexander Blockx,123
Tristan Boyer,124
Nishesh Basavareddy,125
Lukas Klein,126
Chun Hsin Tseng,127
Jaime Faria,128
Hugo Dellien,129
Billy Harris,130
Roman Andres Burruchaga,131
Roman Safiullin,132
Vilius Gaubas,133
Jan Choinski,134
Colton Smith,135
Nicolai Budkov Kjaer,136
Stan Wawrinka,137
James Duckworth,138
Yannick Hanfmann,139
Sebastian Ofner,140
Francesco Passaro,141
Marco Trungelliti,142
Elmer Moller,143
Andrea Pellegrino,144
Moez Echargui,145
Zachary Svajda,146
Matteo Gigante,147
Pierre Hugues Herbert,148
Mark Lajal,149
Ugo Blanchet,150
Daniel Elahi Galan,151
Juan Pablo Ficovich,152
Francesco Maestrelli,153
Yoshihito Nishioka,154
Jurij Rodionov,155
Zsombor Piros,156
Guy Den Ouden,157
Coleman Wong,158
Luka Mikrut,159
Giulio Zeppieri,160
Henrique Rocha,161
Daniel Evans,162
Daniel Merida,163
Jerome Kym,164
Titouan Droguet,165
August Holmgren,166
Yosuke Watanuki,167
Hady Habib,168
Patrick Kypson,169
Alex Barrena,170
Felipe Meligeni Alves,171
Leandro Riedi,172
Thiago Seyboth Wild,173
Rei Sakamoto,174
Yibing Wu,175
Thiago Monteiro,176
Taro Daniel,177
Murphy Cassone,178
Kimmer Coppejans,179
Michael Zheng,180
Bernard Tomic,181
Harold Mayot,182
Kyrian Jacquet,183
Lukas Neumayer,184
Alexis Galarneau,185
Jason Kubler,186
Christopher Eubanks,187
Oliver Crawford,188
Jay Clarke,189
Chris Rodesch,190
Jack Pinnington Jones,191
Hugo Grenier,192
Benjamin Hassan,193
Ryan Peniston,194
James McCabe,195
Gauthier Onclin,196
Nicolas Mejia,197
Federico Coria,198
James Trotter,199
Alex Bolt,200
Alvaro Guillen Meza,201
Pablo Llamas Ruiz,202
Federico Agustin Gomez,203
Rodrigo Pacheco Mendez,204
Alex Molcan,205
Justin Engel,206
Calvin Hemery,207
Joao Lucas Reis Da Silva,208
Daniel Rincon,209
Nerman Fatic,210
George Loffhagen,211
Sho Shimabukuro,212
Yuta Shimizu,213
Vitaliy Sachko,214
Dan Added,215
Zdenek Kolar,216
Luka Pavlovic,217
Juncheng Shang,218
Dmitry Popko,219
Stefano Travaglia,220
Arthur Fery,221
Genaro Alberto Olivieri,222
Gonzalo Bueno,223
Borna Gojo,224
Sascha Gueymard Wayenburg,225
Federico Cina,226
Li Tu,227
Arthur Bouquier,228
Yu Hsiou Hsu,229
Johannus Monday,230
Lloyd Harris,231
Santiago Rodriguez Taverna,232
Facundo Diaz Acosta,233
Dominic Stricker,234
Clement Chidekh,235
Timofey Skatov,236
Beibit Zhukayev,237
Luca Van Assche,238
Juan Carlos Prado Angelo,239
Martin Damm,240
Mitchell Krueger,241
Patrick Zahraj,242
Elias Ymer,243
Joel Schwaerzler,244
Frederico Ferreira Silva,245
Rio Noguchi,246
Gilles Arnaud Bailly,247
Viktor Durasovic,248
Alejandro Moro Canas,249
Geoffrey Blancaneaux,250
Marc Andrea Huesler,251
Dane Sweeny,252
Adolfo Daniel Vallejo,253
Arthur Gea,254
Fajing Sun,255
Ilia Simakin,256
Matej Dodig,257
Dimitar Kuzmanov,258
Remy Bertola,259
Sumit Nagal,260
Alex Rybakov,261
Omar Jasika,262
Aziz Dougaz,263
Henri Squire,264
Lautaro Midon,265
Marco Cecchinato,266
Pol Martin Tiffon,267
Richard Gasquet,268
Clement Tabur,269
Constant Lestienne,270
Marek Gengel,271
Lorenzo Giustino,272
Petr Bar Biryukov,273
Ivan Gakhov,274
Abdullah Shelbayh,275
Filip Cristian Jianu,276
Marko Topo,277
Tyler Zink,278
Murkel Dellien,279
Matias Soto,280
Marat Sharipov,281
Tiago Pereira,282
Rafael Jodar,283
Andres Andrade,284
Tom Paris,285
Saba Purtseladze,286
Andrea Collarini,287
Daniel Michalski,288
Mikhail Kukushkin,289
Andres Martin,290
Tom Gentzsch,291
Garrett Johns,292
Daniil Glinka,293
Aslan Karatsev,294
Nicolas Kicker,295
Hynek Barton,296
Yasutaka Uchiyama,297
Stefanos Sakellaridis,298
Eliakim Coulibaly,299
Edas Butvilas,300
Mats Rosenkranz,301
Jakub Paul,302
Thanasi Kokkinakis,303
Alibek Kachmazov,304
Matheus Pucinelli De Almeida,305
Nikolas Sanchez Izquierdo,306
Robin Bertrand,307
Max Houkes,308
Mika Brunold,309
Franco Agamenone,310
Christoph Negritu,311
Juan Pablo Varillas,312
Fabrizio Andaloro,313
Aidan Mayo,314
Michael Mmoh,315
Andrea Vavassori,316
Moerani Bouzige,317
Matteo Martineau,318
Norbert Gombos,319
Mathys Erhard,320
Michael Geerts,321
Patrick Maloney,322
Gustavo Heide,323
Renta Tokuda,324
Florent Bax,325
Gastao Elias,326
Yi Zhou,327
Nicolas Alvarez Varona,328
Christian Langmo,329
Denis Yevseyev,330
Alfredo Perez,331
Diego Dedura,332
Javier Barranco Cosano,333
Jacopo Berrettini,334
Adria Soriano Barrera,335
Kilian Feldbausch,336
Sandro Kopp,337
Miguel Damas,338
Gabi Adrian Boitan,339
Darwin Blanch,340
Robert Strombachs,341
Jie Cui,342
Oleg Prihodko,343
Paul Jubb,344
Lilian Marmousez,345
Giles Hussey,346
Yan Bai,347
Antoine Escoffier,348
Andrej Nedic,349
Duje Ajdukovic,350
Gonzalo Villanueva,351
Gregoire Barrere,352
Maximus Jones,353
Albert Ramos Vinolas,354
Gabriele Piraino,355
Alexey Vatutin,356
Lucas Poullain,357
Daniel Dutra da Silva,358
Andre Ilagan,359
Max Hans Rehberg,360
Govind Nanda,361
Carlos Sanchez Jover,362
Pedro Boscardin Dias,363
Luca Potenza,364
Philip Henning,365
Alastair Gray,366
Charles Broom,367
Kaichi Uchida,368
Franco Roncadelli,369
Inaki Montes De La Torre,370
Nicolas Moreno De Alboran,371
Sanhui Shin,372
Hamish Stewart,373
Roberto Cid Subervi,374
Viacheslav Bielinskyi,375
Henry Searle,376
Milos Karol,377
Guido Ivan Justo,378
Andrej Martin,379
Corentin Denolly,380
Hyeon Chung,381
Oliver Tarvet,382
Federico Bondioli,383
Petr Brunclik,384
Stuart Parker,385
Zhizhen Zhang,386
Samir Banerjee,387
Trevor Svajda,388
Svyatoslav Gulin,389
Andrea Picchione,390
Aryan Shah,391
Federico Arnaboldi,392
Alexandr Binda,393
Stefan Dostanic,394
Mariano Kestelboim,395
Mili Poljicak,396
Khumoyun Sultanov,397
Hiroki Moriya,398
Juan Bautista Torres,399
Raul Brancaccio,400
Jelle Sels,401
Matthew Dellavedova,402
Facundo Bagnis,403
Hernan Casanova,404
Yanki Erel,405
Facundo Mena,406
Luca Castelnuovo,407
Lucas Pouille,408
Antoine Ghibaudo,409
Bernabe Zapata Miralles,410
Martin Krumich,411
Kasidit Samrej,412
Ricardas Berankis,413
Blake Ellis,414
Daniel Milavsky,415
Cezar Cretu,416
Max Alcala Gurri,417
Maxim Mrva,418
Renzo Olivo,419
Pedro Sakamoto,420
Philip Sekulic,421
Daniel Masur,422
Alex Marti Pujolras,423
Karue Sell,424
Rudolf Molleker,425
Giovanni Fonio,426
Neil Oberleitner,427
Mateus Alves,428
Tadeas Paroulek,429
Laurent Lokoli,430
Maximilian Neuchrist,431
Mukund Sasikumar,432
Lorenzo Joaquin Rodriguez,433
Olle Wallin,434
Mae Malige,435
Cedrik Marcel Stebe,436
Oriol Roca Batalla,437
Juan Carlos Aguilar,438
Liam Broady,439
Karan Singh,440
Yusuke Takahashi,441
Lorenzo Carboni,442
Luciano Emanuel Ambrogi,443
Aristotelis Thanos,444
Hikaru Shiraishi,445
Harry Wendelken,446
Dali Blanch,447
Marc Polmans,448
Akira Santillan,449
Stefan Kozlov,450
David Jorda Sanchis,451
Alex Hernandez,452
Jonas Forejtek,453
Edward Winter,454
Lukas Pokorny,455
Branko Djuric,456
Marvin Moeller,457
Oleksii Krutykh,458
Nikolay Vylegzhanin,459
Nicholas David Ionel,460
Dan  Martin,461
Etienne Donnet,462
Dennis Novak,463
Filip Peliwo,464
Bor Artnak,465
Carlo Alberto Caniato,466
Vladyslav Orlov,467
Max Wiskandt,468
Michele Ribecai,469
Ryan Nijboer,470
Pavel Kotov,471
Anton Matusevich,472
Mirza Basic,473
Ergi Kirkin,474
Ryuki Matsuda,475
Pedro Araujo,476
Alexander Weis,477
Soonwoo Kwon,478
Henry Bernet,479
Jay Dylan Friend,480
Max Basing,481
Pietro Fellin,482
Andrew Fenty,483
Gonzalo Oliveira,484
Arthur Weber,485
Enrico Dalla Valle,486
Tsung Hao Huang,487
Alvin Nicholas Tudorica,488
Kokoro Isomura,489
Sergey Fomin,490
Yuki Mochizuki,491
Egor Agafonov,492
Dominik Palan,493
Maxwell Mckennon,494
Maxim Zhukov,495
Tommaso Compagnucci,496
Andrey Chepelev,497
Florian Broska,498
Radu Albot,499
Gianluca Cadenasso,500
Olaf Pieczkowski,501
Tristan McCormick,502
Sean Cuenin,503
Oleksandr Ovcharenko,504
Tibo Colson,505
Woobin Shin,506
Masamichi Imamura,507
Gabriele Pennaforti,508
Maxime Janvier,509
Dominik Koepfer,510
Juan Manuel La Serna,511
Loann Massard,512
Pedro Vives Marcos,513
Nicolas Arseneault,514
Toby Samuel,515
Iliyan Radulov,516
Eric Vanshelboim,517
Maks Kasnikowski,518
Dan Alexandru Tomescu,519
Aidan McHugh,520
Takuya Kumasaka,521
Tung Lin Wu,522
Eero Vasa,523
Alexander Ritschard,524
Jozef Kovalik,525
Tristan Lamasine,526
Vadym Ursu,527
Jack Loge,528
Stefano Napolitano,529
Ioannis Xilas,530
Cannon Kingsley,531
Maxence Beauge,532
Petr Nesterov,533
Manuel Mazza,534
Stefan Popovic,535
Peter Fajta,536
Bruno Kuzuhara,537
Jake Delaney,538
Luis Carlos Alvarez,539
Raphael Perot,540
Mert Alkaya,541
James Story,542
Maximilian Marterer,543
Filippo Moroni,544
Stefan Palosi,545
Kyle Edmund,546
Christian Sigsgaard,547
Shintaro Imai,548
Erik Arutiunian,549
Fares Zakaria,550
Blaise Bicknell,551
Alex Martinez,552
Carlos Lopez Montagud,553
Stefan Adrian Andreescu,554
Dhakshineswar Suresh,555
Aidan Kim,556
Toby Kodat,557
Keegan Smith,558
Andrea Guerrieri,559
Ajeet Rai,560
Kris Van Wyk,561
Kirill Kivattsev,562
Arda Azkara,563
Joao Eduardo Schiessl,564
Paulo Andre Saraiva Dos Santos,565
Nino Ehrenschneider,566
Sebastian Gima,567
Johan Alexander Rodriguez,568
Nick Hardt,569
Lucas Gerch,570
Adhithya Ganesan,571
Thomas Faurel,572
Cem Ilkel,573
Maxime Chazal,574
Gianmarco Ferrari,575
Facundo Juarez,576
Stijn Slump,577
Gerard Campana Lee,578
Evan Zhu,579
Enzo Couacaud,580
Justin Boulais,581
Tomasz Berkieta,582
Giovanni Oradini,583
Yurii Dzhavakian,584
Kenta Miyoshi,585
Conner Huertas del Pino,586
Filip Jeff Planinsek,587
Jakub Nicod,588
Rigele Te,589
Filippo Romano,590
Radu Mihai Papoe,591
Michael Agwi,592
Cyril Vandermeersch,593
Dusan Obradovic,594
Buvaysar Gadamauri,595
Dominik Kellovsky,596
Igor Gimenez,597
Evgeny Karlovskiy,598
Miguel Tobon,599
Elmar Ejupovic,600
Sebastian Sorger,601
Manas Dhamne,602
Alberto Barroso Campos,603
Pavle Marinkov,604
Adrian Oetzbach,605
Felix Gill,606
Emilien Demanet,607
Emil Ruusuvuori,608
Igor Marcondes,609
Sergio Callejon Hernando,610
Arthur Reymond,611
Kuan Yi Lee,612
Federico Iannaccone,613
Yuta Kikuchi,614
Mario Gonzalez Fernandez,615
Taha Baadi,616
Mikael Ymer,617
Micah Braswell,618
Valerio Aboian,619
Naoki Nakagawa,620
Ivan Marrero Curbelo,621
Leo Borg,622
Aleksandre Bakshi,623
Michiel De Krom,624
Matthew William Donald,625
Strong Kirchheimer,626
Sergi Perez Contri,627
Manuel Guinard,628
Tianhui Zhang,629
Luca Castagnola,630
Juan Estevez,631
Kenny De Schepper,632
Constantin Bittoun Kouzmine,633
Damien Wenger,634
Joshua Sheehy,635
Evgenii Tiurnev,636
Alejandro Manzanera Pertusa,637
Aleksandr Braynin,638
Andrew Paulson,639
Mate Valkusz,640
Denis Klok,641
Amr Elsayed,642
Aziz Ouakaa,643
Jacopo Vasami,644
Ognjen Milic,645
John Echeverria,646
Axel Garcian,647
Kyle Kang,648
Robin Catry,649
Millen Hurrion,650
Johan Nikles,651
Mees Rottgering,652
Michal Krajci,653
Niels Visker,654
Pierluigi Basile,655
Alexis Gautier,656
Alejo Sanchez Quilez,657
Alafia Ayeni,658
Giuseppe La Vela,659
Karl Poling,660
Nick Kyrgios,661
Radu David Turcanu,662
Santiago De La Fuente,663
Pawit Sornlaksup,664
Hayato Matsuoka,665
Cooper Williams,666
Eduardo Ribeiro,667
Alec Beckley,668
Sidharth Rawat,669
Gabriel Debru,670
Pedro Cachin,671
Koki Matsuda,672
Tuncay Duran,673
Felix Corwin,674
Peter Bertran,675
Samuele Pieri,676
Julio Cesar Porras,677
Semen Pankin,678
Quinn Vandecasteele,679
Dev Javia,680
Louis Wessels,681
Francesco Forti,682
Blu Baker,683
Gustavo Ribeiro De Almeida,684
Benoit Paire,685
Lorenzo Sciahbasi,686
James Watt,687
Linang Xiao,688
Guillaume Dalmasso,689
Andres Santamarta Roig,690
Imanol Lopez Morillo,691
Emile Hudd,692
Alex Knaff,693
Massimo Giunta,694
Jacob Brumm,695
Theo Papamalamis,696
Juan Cruz Martin Manzano,697
Joris De Loore,698
Matthew Summers,699
Diego Augusto Barreto Sanchez,700
Ali Yazdani,701
Bogdan Bobrov,702
Amaury Raynel,703
Yanaki Milev,704
Pablo Martinez Gomez,705
Michael Vrbensky,706
Ryan Fishback,707
Kai Wehnelt,708
William Grant,709
Mitsuki Wei Kang Leong,710
John Sperle,711
Alexander Donski,712
Trey Hilderbrand,713
Pedro Rodrigues,714
Blake Mott,715
Egor Gerasimov,716
Alessandro Pecci,717
Daniil Ostapenkov,718
Isaiah Strode,719
Adrien Gobat,720
Duckhee Lee,721
Alec Deckers,722
Mohamed Safwat,723
Daniel Siniakov,724
Jan Kumstat,725
Mathias Bourgue,726
Lucas Bouquet,727
Colin Sinclair,728
Michael Bassem Sobhy,729
Reda Bennani,730
Martin Klizan,731
Marcel Zielinski,732
Sora Fukuda,733
Ignacio Monzon,734
Josip Simundza,735
Maxence Bertimon,736
Iannis Miletich,737
Gianluca Mager,738
Uisung Park,739
Mwendwa Mbithi,740
Nicolas Tepmahc,741
Francisco Rocha,742
Fausto Tabacco,743
Antoine Cornut Chauvinc,744
Albert Pedrico Kravtsov,745
Elliot Benchetrit,746
Pierre Delage,747
Bautista Vilicich,748
Yuta Kawahashi,749
Ewen Lumsden,750
Kosuke Ogura,751
Niccolo Catini,752
Lucas Andrade Da Silva,753
Oscar Weightman,754
Shunsuke Mitsui,755
Roger Pascual Ferra,756
Orlando Luz,757
Alan Magadan,758
Leo Raquillet,759
Martin Van Der Meerschen,760
Tim Handel,761
Pierre Yves Bailly,762
JiSung Nam,763
Ilya Ivashka,764
Kaylan Bigun,765
Attila Boros,766
Samuel Alejandro Linde Palacios,767
Tai Sach,768
Ye Cong Mo,769
Yanis Ghazouani Durand,770
Joaquin Aguilar Cardozo,771
Taiyo Yamanaka,772
Artur Kukasian,773
Dimitris Sakellaridis,774
J.J. Wolf,775
Yassine Dlimi,776
Louis Dussin,777
Jacob Bradshaw,778
Aleksandr Lobanov,779
Felix Balshaw,780
Abel Forger,781
Taisei Ichikawa,782
Leo Vithoontien,783
Noah Schachter,784
Leonardo Rossi,785
Samir Hamza Reguig,786
Altug Celikbilek,787
Orel Kimhi,788
Adrian Andreev,789
Yusuke Kusuhara,790
Gabriel Ghetu,791
Jose Pereira,792
Toufik Sahtali,793
Luca Preda,794
Naoya Honda,795
Mika Petkovic,796
Ezekiel Clark,797
Gergely Madarasz,798
Juan Pablo Paz,799
Kalin Ivanovski,800
Ryotaro Taguchi,801
Carlos Maria Zarate,802
Daniel Antonio Nunez,803
Rodrigo Alujas,804
S D Prajwal Dev,805
Georgii Kravchenko,806
Maik Steiner,807
Nikita Mashtakov,808
Lui Maxted,809
Kristijan Juhas,810
Victor Lilov,811
Alan Fernando Rubio Fierros,812
Miles Jones,813
Lorenzo Rottoli,814
Tomas Curras Abasolo,815
Patrick Brady,816
Nick Chappell,817
Samuel Vincent Ruggeri,818
Ilya Snitari,819
Dinko Dinev,820
Giorgio Tabacco,821
Joshua Charlton,822
Marlon Vankan,823
Niklas Schell,824
Wishaya Trongcharoenchaikul,825
Alexey Zakharov,826
Hoyoung Roh,827
Steven Diez,828
Tiago Torres,829
Jeffrey Von Der Schulenburg,830
Karol Filar,831
Oliver Anderson,832
Ryan Dickerson,833
Shinji Hazawa,834
Mert Naci Turker,835
Alexander Klintcharov,836
Dragos Nicolae Cazacu,837
Luca Pow,838
Ryan Seggerman,839
Oliver Bonding,840
Max Schoenhaus,841
Nikola Slavic,842
Jakub Filip,843
M Rifki Fitriadi,844
Daisuke Sumizawa,845
Mikalai Haliak,846
Lautaro Agustin Falabella,847
Ben Jones,848
Marko Maksimovic,849
Wilson Leite,850
Fryderyk Lechno Wasiutynski,851
Emon Van Loben Sels,852
Moise Kouame,853
Cruz Hewitt,854
Gilbert Klier Junior,855
Yaojie Zeng,856
Keisuke Saitoh,857
Menelaos Efstathiou,858
Nicolas Jadoun,859
Diego Schwartzman,860
Duarte Vale,861
Nicolas Ian Kotzen,862
Nikita Bilozertsev,863
Timofei Derepasko,864
Lucio Ratti,865
Matyas Cerny,866
Chase Ferguson,867
Jesse Delaney,868
Savriyan Danilov,869
Jorge Plans,870
Pablo Masjuan Ginel,871
Tomas Serrano Luis,872
Filip Pieczonka,873
Kasra Rahmani,874
Tomas Farjat,875
Chirag Duhan,876
Yaroslav Demin,877
Arthur Nagel,878
Jasza Szajrych,879
Daniel De Jonge,880
Amit Vales,881
Mihai Razvan Marinescu,882
Pavlos Tsitsipas,883
Scott Jones,884
Xiaofei Wang,885
Joao Victor Couto Loureiro,886
Thiago Cigarran,887
Evan Bynoe,888
Benjamin Lock,889
Paul Inchauspe,890
Matyas Fuele,891
Jack Anthrop,892
Leonardo Aboian,893
Juan Sebastian Osorio,894
Peter Buldorini,895T
Benjamin Torrealba,895T
Evgeny Philippov,897
Thomas Braithwaite,898
Gregor Ramskogler,899
Samuel Heredia,900
Andrea Fiorentini,901
Zoran Ludoski,902
Jiri Vesely,903
Rudy Quan,904
Enzo Wallart,905
Jumpei Yamasaki,906
Thanapet Chanta,907
Jeremy Gschwendtner,908
Marcello Serafini,909
Benjamin Thomas George,910
Alexandre Aubriot,911
Michael Zhu,912
Gijs Brouwer,913
Kaito Uesugi,914
Pavel Lagutin,915
Georgi Georgiev,916
Peter Makk,917
Martin Borisiouk,918
Carles Hernandez,919
Igor Kudriashov,920
Matisse Bobichon,921
Finn Murgett,922
Kiranpal Pannu,923
Simeon Stankovic,924
Axel Nefve,925
Adan Freire Da Silva,926
Justin Schlageter,927
Kristjan Tamm,928
Matt Kuhar,929
Matteo Covato,930
Ignacio Parisca Romera,931
Seydina Andre,932
Oscar Jose Gutierrez,933
Carl Emil Overbeck,934
Cesar Bouchelaghem,935
Jea Moon Lee,936
Lorenzo Bocchi,937
Ivan Ivanov,938
Matt Hulme,939
Petros Tsitsipas,940
Salvador Price,941
Chanyeong Oh,942
Sebastian Prechtel,943
Lucas Marionneau,944
Rares Teodor Pieleanu,945
John Hallquist Lithen,946
Pietro Marino,947
Derek Pham,948
Spencer Johnson,949
Mateo Barreiros Reyes,950
Alejo Lorenzo Lingua Lavallen,951
Enzo Kohlmann De Freitas,952
Maximo Zeitune,953
Anas Mazdrashki,954
Marcus Walters,955
Michel Hopp,956
Brian Bozemoj,957
Hayden Jones,958
Nicolas Villalon,959
Sam Ryan Ziegann,960
Stefano D'Agostino,961
Kuang Qing Xu,962
Andrew Delgado,963
Dominique Rolland,964
Hazem Naw,965
Stijn Paardekooper,966
Sebastian Dominko,967
Pepijn Bastiaansen,968
Kacper Szymkowiak,969
Ramkumar Ramanathan,970
Isaac Becroft,971
Shunsuke Nakagawa,972
Younes Lalami,973
Vincent Marysko,974
Lasse Poertner,975
Sungbeen Sim,976
Finn Bass,977
Daniil Sarksian,978
Giannicola Misasi,979
Grigoriy Lomakin,980
Calvin Mueller,981
Ernesto Escobedo,982
Alexander Vasilev,983
Ryo Tabata,984
Pietro Romeo Scomparin,985
Alejandro Turriziani Alvarez,986
Fernando Cavallo,987
Sebastian Fanselow,988
Siddharth Vishwakarma,989
Qian Sun,990
Elgin Khoeblal,991
Tomohiro Masabayashi,992
Ozan Baris,993
Aleksa Ciric,994T
Oscar Otte,994T
Cooper Woestendick,996
Oskari Paldanius,997
Luca Staeheli,998
Elijah Strode,999
Thantub Suksumrarn,1000
Maxim Shin,1001
Tymur Bieldiugin,1002
Koray Kirci,1003
Alejandro Juan Mano,1004
Pengyu Lu,1005
Hugo Pierre,1006
Zura Tkemaladze,1007
Daniele Rapagnetta,1008
Nathan Ponwith,1009
Simon Reveniau,1010
Kriish Tyagi,1011
Lorenzo Gagliardo,1012T
Jaden Weekes,1012T
Alexander Kotzen,1014
Thomas Deschamps,1015
Benjamin Winter Lopez,1016
Ivan Nedelko,1017
Jesse Flores,1018
Lucca Helguera Casado,1019
Andrin Casanova,1020
Romain Faucon,1021
Ricardo Rodriguez   Pace,1022
Maxence Rivet,1023
Nikola Basic,1024
Izan Almazan Valiente,1025
Juan Bautista Otegui,1026
Diogo Marques,1027
Diego Fernandez Flores,1028
Gabriele Maria Noce,1029
Johannes Ingildsen,1030
Nikola Milojevic,1031
Filippo Speziali,1032
Cleeve Harper,1033
Tom Zeuch,1034
Alen Mujakic,1035
Alberto Bronzetti,1036
David Poljak,1037
Fermin Tenti,1038
Ishaque Eqbal,1039
Ronald Hohmann,1040
Ruslan Tiukaev,1041
Mika Lipp,1042
Lorenzo Lorusso,1043
Oscar Moraing,1044
Maximilian Homberg,1045
Gian Marco Ortenzi,1046
Ezequiel Monferrer,1047
Karim Ibrahim,1048
Louis Tessa,1049
Niccolò Ciavarella,1050
Jacopo Bilardo,1051
Lorenzo Angelini,1052
Nicolas Ifi,1053
Leyton Rivera,1054
Preston Brown,1055
Thomas Fancutt,1056
Zhe Li,1057
Devin Badenhorst,1058
Niels McDonald,1059
Juan Sebastian Gomez,1060
Paul Barbier Gazeu,1061
Vlado Jankanj,1062
Enzo Aguiard,1063
Yun seong Chung,1064T
Oliver Okonkwo,1064T
Pedro Rodenas,1066
Cezar Gabriel Papoe,1067
Markus Malaszszak,1068
Aliaksandr Liaonenka,1069
Deney Wassermann,1070
Karlis Ozolins,1071
Noel Larwig,1072
Thando Longwe Smit,1073
Yuto Oki,1074
Alexandre Reco,1075
Stefan Vujic,1076
Mikael Arseneault,1077
Andreas Timini,1078
Nicolas Bruna,1079
Tyler Stice,1080
Keshav Chopra,1081
Boris Butulija,1082
Benito Sanchez Martinez,1083
Tiago Cacao,1084
Dong Ju Kim,1085T
Marc Van Der Merwe,1085T
Daniel Paty,1087
Arklon Huertas Del Pino Cordova,1088
Karl Friberg,1089
Ryotero Matsumura,1090T
Matthew Thomson,1090T
Aoran Wang,1092
Jack Loutit,1093
Pieter De Lange,1094
Digvijaypratap Singh,1095
Manish Sureshkumar,1096
Chen Dong,1097
Phillip Jordan,1098
Alan Bojarski,1099
Kuzey Cekirge,1100
Leonardo Malgaroli,1101T
Markus Molder,1101T
Tomas Martinez,1103
Joao Vitor Goncalves Ceolin,1104
Aaron Funk,1105
Antoine Berger,1106
Bekkhan Atlangeriev,1107
Denis Petak,1108
Xing Dao Chen,1109
Nitin Kumar Sinha,1110
Valentin Basel,1111
Franco Ribero,1112
Toby Martin,1113
Brandon Perez,1114
Mohamed Nazim Makhlouf,1115
Noah Perfetti,1116
Omni Kumar,1117
Stian Klaassen,1118
Rohan Murali,1119
Leonardo Primucci,1120
Alexander Rozin,1121
Karim Bennani,1122
Luca Wiedenmann,1123
Keegan Rice,1124
Nino Serdarusic,1125
Andrea Meduri,1126
Edison Ambarzumjan,1127
Joao Domingues,1128
Mark Whitehouse,1129
Louis Larue,1130
Bogdan Pavel,1131
Rafael Izquierdo Luque,1132
Charlie Camus,1133
Vishnu Vardhan,1134
Rafael De Alba,1135
Piet Luis Pinter,1136
Amir Omarkhanov,1137
Ivan Denisov,1138
Daniel Salazar,1139
Hanyi Liu,1140
Bruno Fernandez,1141
Matthias Ujvary,1142
Jan Kupcic,1143
Yuquan Jin,1144
Samuele Seghetti,1145
Noah Thurner,1146
Saveliy Ivanov,1147
Mustafa Ege Sik,1148
Joshua Lapadat,1149T
Ilgiz Valiev,1149T
Bastian Malla,1151
Christopher Li,1152T
James Van Herzeele,1152T
Mario Martinez Serrano,1154
Alexander Bernard,1155T
Marko Miladinovic,1155T
Jack Kennedy,1157
Shu Matsuoka,1158
Natan Rodrigues,1159
Charlie Robertson,1160
Dimitris Azoidis,1161
Valentin Lapalu,1162
Martyn Pawelski,1163
Ivan Gretskiy,1164T
Yannik Kelm,1164T
Benjamin Hannestad,1166
Arthur Bonnaud,1167
Charles Bertimon,1168
Mariano Tammaro,1169
Ali Habib,1170
Billy Suarez,1171
Yuichiro Inui,1172
Maximilian Figl,1173
Vignesh Gogineni,1174
Adrian Bodmer,1175T
Luis Felipe Miguel,1175T
Thijs Boogaard,1177
Dylan Dietrich,1178
David Pichler,1179T
Seita Watanabe,1179T
Cengiz Aksu,1181
Daniel Cukierman,1182
Patrick Kaukovalta,1183
Alexander Stater,1184
Vito Tonejc,1185
Suk Hyun Choo,1186T
Dominik Recek,1186T
Benjamin Willwerth,1188
Darian King,1189
Simon Beaupain,1190
Tiago Silva,1191
Seongwoo Cho,1192
Jules Marie,1193
Savva Polukhin,1194
Adam Heinonen,1195
Pranav Kumar,1196
Lorenzo Beraldo,1197T
Marcel Kamrowski,1197T
Andres Fernandez Canovas,1199T
Nicolas Parizzia,1199T
Joshua Peck,1201T
Mathieu Scaglia,1201T
Robert Guna,1203
Federico Aguilar Cardozo,1204T
Viktor Frydrych,1204T
Ammar Alhogbani,1206
Aldin Setkic,1207
Ioannis Kountourakis,1208T
Aristarkh Safonov,1208T
Nikolai Barsukov,1210
Gabriele Bosio,1211
Tristan Stringer,1212
Aleksander Chayka,1213
Sergi Fita Juan,1214
Philip Hjorth,1215
Yuta Tomida,1216
Cosme Rolland De Ravel,1217
Jamie Mackenzie,1218
Guy Orly Iradukunda,1219
Niels Ratiu,1220
Alex Chang,1221
Noah Zamora,1222
Liam Branger,1223
Tom Hands,1224
Romain Gales,1225
Fnu Nidunjianzan,1226
Rodrigo Fernandes,1227
Nicholas Godsick,1228
Geun Jun Kim,1229
William Jansen,1230
Martin Sabas,1231T
Gian Luca Tanner,1231T
Ryota Tanuma,1231T
Daniel Bagnolini,1234
Pawel Juszczak,1235
Gage Brymer,1236
Liam Krall,1237
Filippo Alberti,1238
Gabor Hornung,1239
Jarno Jans,1240T
Niels Lootsma,1240T
Jonas Pelle Hartenstein,1242T
George Lazarov,1242T
Enzo Camargo Lima,1244
Kane Bonsach Ganley,1245T
Benjamin Pietri,1245T
Pablo Trochu,1247
Fadi Bidan,1248
Marc Majdandzic,1249
Matas Vasiliauskas,1250
Ethan Cook,1251T
Sydney Zick,1251T
Alp Horoz,1253
Leonardo Cattaneo,1254
Niklas Waldner,1255
Charles Chen,1256
Nico Hipfl,1257
Juan Jose Bianchi,1258
Issei Okamura,1259
Lawrence Bataljin,1260
Nikola Jovic,1261
Manel Lazaro Juncadella,1262
Joao Graca,1263
Reese Stalder,1264
Denis Kudla,1265T
Vasek Pospisil,1265T
Max Dahlin,1267T
Leo Raquin,1267T
Bryce Nakashima,1269
Filip Gustafsson,1270T
Michal Novansky,1270T
Khololwam Montsi,1272T
Antoine Vincent,1272T
Novak Novakovic,1274T
Connor Thomson,1274T
Maxime Cressy,1276T
Pierre Antoine Faut,1276T
Stefan Latinovic,1276T
Adam Jilly,1279
Christian Djonov,1280T
Nicaise Muamba,1280T
Vladan Tadic,1280T
François Musitelli,1283T
Braden Shick,1283T
Edouard Villoslada,1283T
Lingxi Zhao,1283T
Ignacio Antonio Becerra Otarola,1287T
David Eichenseher,1287T
Oliver Ojakaar,1287T
Julian Cundom,1290T
Amador Salazar,1290T
Denis Spiridon,1290T
Anton Shepp,1293
Jackson Ross,1294T
Yua Taka,1294T
Glib Sekachov,1296
Luc Fomba,1297T
Jonas Kucera,1297T
Junhyeon Lee,1299T
Victor Hugo Remondy Pagotto,1299T
Sekou Bangoura,1301T
Andrea De Marchi,1301T
Oskar Grzegorzewski,1301T
Jan Klimas,1301T
Joe Leather,1301T
Louis Van Herck,1301T
Daniel Verbeek,1301T
Reece Falck,1308
Manvydas Balciunas,1309
Nicolas Zanellato,1310
Mateo Castañeda,1311
Mateo Del Pino,1312T
Ignasi Forcano Aparicio,1312T
Loic Namigandet Tenguere,1314
Radovan Michalik,1315
Drew Van Orderlain,1316
Luca Fantini,1317T
Michael Gloeckler,1317T
Lucca Pinto,1317T
Sheng Tang,1320
Gokberk Saritas,1321
Jagger Leach,1322T
Siphosothando Montsi,1322T
Matias Ponce De Leon Gomila,1322T
James Hopper,1325T
Ziga Sesko,1325T
Niels Peter Van Noord,1325T
Yannick Theodor Alexandrescou,1328T
Dylan Salton,1328T
Mathis Bondaz,1330
Samuel Brosset,1331T
Luc Koenig,1331T
Jeremy Jin,1333T
Alex Kuperstein,1333T
Niklas Guttau,1335
Adit Sinha,1336
Collin Altamirano,1337T
Andres Gabriel Ciurletti,1337T
Alexis Gurmendi,1339
Mikhail Gorokhov,1340T
Stefan Horia Haita,1340T
Joaquin Guilleme,1342
Viktor Markov,1343T
Xiaoyin Yang,1343T
Madhwin Kamath,1345T
Amir Milushev,1345T
Bernardo Munk Mesa,1345T
Maxwell Exsted,1348T
Peetu Pohjola,1348T
Taketo Takamisawa,1348T
Alexander Wagner,1348T
Ioan Alexandru Chirita,1352T
Patrik Munkhammar,1352T
Toprak Avcibasi,1354
Illya Beloborodko,1355
Maikel De Boes,1356T
Szymon Kielan,1356T
Edoardo Zanada,1356T
Volodymyr Iakubenko,1359T
Lucca Liu,1359T
Alberto Odiseo Alvarado Berrospi,1361T
Dmitry Bessonov,1361T
Adil Kalyanpur,1363
Noah Lopez Cherubino,1364T
Kody Pearson,1364T
Kylian Collignon,1366T
Sergio Planella Hernandez,1366T
Antonio Voljavec,1366T
Alessio Basile,1369
Aaron Gil Garcia,1370
Benjamin O'Connell,1371T
Vuk Radjenovic,1371T
Leonid Sheyngezikht,1371T
Pietro Pampanin,1374
Nicolas Buitrago,1375T
Filip Krolo,1375T
Makoto Ochi,1375T
Alexis Canter,1378T
Tanguy Genier,1378T
Aljaz Jeran,1378T
Alexander Petrov,1378T
Andrea Paolini,1382
Oren Vasser,1383
Francesco Ferrari,1384
Rafael Tosetto,1385
Credit Chaiyarin,1386
Corban Crowther,1387T
Zhenxiong Dong,1387T
Nikita Ianin,1387T
Vadym Konovchuk,1387T
Nicolo Toffanin,1387T
Daniel Batista,1392T
Filippo Mazzola,1392T
Jeremy Schifris,1394
Blake Bayldon,1395T
Gianluca Brunkow,1395T
Francisco Cabral,1395T
Aleksi Lofman,1395T
Illya Marchenko,1395T
Amirkhamza Nasridinov,1395T
Mehdi Benchakroun,1401T
Julian Ocleppo,1401T
Frazier Rengifo,1401T
Azuma Visaya,1401T
Tudor Batin,1405T
Hugo Car,1405T
Rodrigo Crespo Piedra,1405T
Blaz Rola,1408
Gavin Goode,1409T
Harold Huens,1409T
Timo Legout,1409T
Evan Burnett,1412T
Corey Craig,1412T
Cesar Cruz,1414T
Yaraslav Shyla,1414T
Noa Vukadin,1414T
Edoardo cherie Ligniere,1417T
Jaesung Choe,1417T
Hugo Coquelin,1417T
Alberto Lim,1417T
Luciano Carraro,1421T
Nicola Kuhn,1421T
Hugo Maia,1421T
Cing Yang Meng,1421T
Gilberto Ravasio,1421T
Moritz Kudernatsch,1426
Anton Chekhov,1427T
Jangjun Kim,1427T
Will Mayew,1427T
Damien Salvestre,1427T
Vasco Leote Prata,1431
Sebastian Eriksson,1432T
Preston Stearns,1432T
Duncan Chan,1434T
Rethin Pranav Senthil Kumar,1434T
Pijus Vaitiekunas,1436
Charlelie Cosnet,1437T
Kacper Knitter,1437T
David Naharro,1437T
Andreja Petrovic,1437T
Kase Schinnerer,1437T
Nathan Anthony Barki,1442T
Zane Stevens,1442T
Miljan Zekic,1444
Gustavo Albieri,1445T
Richard Antoni,1445T
Yan Cheng Chen,1445T
Sarp Agabigun,1448T
Julian Alonso Jr,1448T
Jirat Navasirisomboon,1448T
Aleksander Orlikowski,1448T
Mikail Alimli,1452T
Bharath Nishok Kumaran,1452T
Julien De Cuyper,1454T
Dax Donders,1454T
Arthur Bellegy,1456
Anas Bennour Dit Sahli,1457T
Artem Bogomolov,1457T
Gabriele Crivellaro,1457T
Rodolfo Jauregui Sainz de Rozas,1457T
Vit Kalina,1457T
Giulio Perego,1457T
Iker Urribarrens Ramirez,1463
Mac Visser,1464
Matei Florin Breazu,1465T
Jack Bruce Smith,1465T
Gabriel Evans,1465T
Herman Hoeyeraal,1465T
Lorenzo Comino,1469T
Conor Gannon,1469T
Ferdinand Livet Novkirichka,1469T
Grigory Shebekin,1469T
Riku Takahata,1469T
Kazuki Nishiwaki,1474T
Richard Zusman,1474T
Fumin Jiang,1476T
Valentin Kopeikin,1476T
Weiwen Pan,1476T
Kevin Edengren,1479T
Nikos Lehmann,1479T
Gabriele Vulpitta,1481
Hernando Jose Escurra Isnardi,1482
Vlad Cristian Breazu,1483T
Matteo Lavizzari,1483T
Aleksa Pisaric,1483T
Rocco Valente,1483T
James Beaven,1487T
Sasa Markovic,1487T
Adam Farag Cao,1489T
Luke Hooper,1489T
Yunseok Jang,1489T
Anthony Susanto,1489T
Jefferson Wendler Filho,1489T
Giacomo Crisostomo,1494
Ian Luca Cervantes Tomas,1495T
Matteo Fondriest,1495T
Leo Deflandre,1497
Patricio Alvarado,1498
Alessandro Battiston,1499T
Tadeo Meneo,1499T
Mihai Alexandru Coman,1501
Alexey Aleshchev,1502
Guido Andreozzi,1503T
Damien Clerc,1503T
Filip Duda,1503T
Kelly Giese,1503T
Evan King,1503T
Lucas Miedler,1503T
Renlong Pang,1503T
Patrik Trhac,1503T
Casey Hoole,1511T
Daniel Phillips,1511T
Laurence Teunissen,1513
Wissam Abderrahman,1514T
Walid Ahouda,1514T
Tyler Bowers,1514T
Congsup Congcar,1514T
Connor Doig,1514T
Emanuel Ivanisevic,1514T
Weiyi Kong,1514T
Dante Pagani,1514T
Matthew Rankin,1514T
Alexander Razeghi,1514T
Hudson Rivera,1514T
Jack Satterfield,1514T
Ryan James Storrie,1514T
Isac Stroemberg,1514T
Saki Tange,1514T
Milan Welte,1514T
Bill Chan,1530T
Felipe Dreer,1530T
Zsombor Velcz,1530T
Stepan Baum,1533T
Dillon Beckles,1533T
Chun Ming Gary Yam,1533T
Siwanat Auytayakul,1536T
Keaton Hance,1536T
Melvin Kumar,1536T
Maciej Rajski,1536T
Timofey Stepanov,1536T
Niccolo Baroni,1541T
Ignacio Carou,1541T
Ilyas Milad Fahim,1541T
Aleksei Mokrov,1541T
Stevan Popovic,1541T
Darrshan Suresh,1541T
Alessio Vasquez,1541T
Matthew Forbes,1548T
Alexander Frusina,1548T
Vladimir Bazilevskiy,1550T
Emirhan Bulut,1550T
Enrique Carrascosa Diaz,1550T
Vito Dell'Elba,1550T
Ondrej Horak,1550T
William Mirarchi,1550T
Yvo Panak,1550T
Ainius Sabaliauskas,1550T
Konstantin Zhzhenov,1550T
Leonardo Angeloni,1559T
Noah Johnston,1559T
Karim Mohamed Maamoun,1559T
Rohan Mehra,1559T
Yu Tanaka,1559T
Thomas Gerbaud,1564
Gian Gruenig,1565T
Benjamin Gusic   Wan,1565T
Yusuf Khamis,1565T
Tilen Kovac,1565T
Dominick Mosejczuk,1565T
Dian Nedev,1565T
Yshai Oliel,1565T
Nicola Rispoli,1565T
Miles Clark,1573T
Sebastiano Cocola,1573T
Stefan Cooper,1573T
Admir Kalender,1573T
Jakub Kroslak,1573T
Ajay Malik,1573T
Yuttana Charoenphon,1579T
Louis Herman,1579T
Nemanja Malesevic,1579T
Arvid Nordquist,1579T
Photos Photiades,1579T
Mariano Dedura Palomero,1584T
Viktor Jovic,1584T
Lewie Lane,1584T
Manuel Plunger,1587
Daniil Bogatov,1588T
Alessandro Coccioli,1588T
Alex Finkelstein,1588T
Luke Simkiss,1588T
Federico Valle,1588T
Leo Lagarrigue,1593
Rafael Kis Balazs,1594
Ammar Elamin,1595T
Ye Hongyu,1595T
Jan Hrazdil,1595T
Haoyuan Huang,1595T
Zekai Li,1595T
Nik Mikovic,1595T
Fabien Salle,1595T
Gheorghe Claudiu Schinteie,1595T
Alessandro Spadola,1595T
Raphael Vaksmann,1595T
Pavel Verbin,1595T
Gabriele Volpi,1595T
Alexander Zgirovsky,1595T
Daniel Uta,1608
Andres Delgadillo,1609T
Jonas Gundacker,1609T
Stephane Pierre Jo Kamendje,1609T
Stijn Pel,1609T
Bogdan Seleznev,1609T
Nicolas Garcia Longo,1614
Kaya Arinc,1615T
Andrea Bacaloni,1615T
Nikola Djosic,1615T
David Fix,1615T
Daniel Khazime,1615T
Bora Sengul,1615T
Yuvan Nandal,1621
Parth Aggarwal,1622
Dmitry Kopilevich,1623T
Naoki Tajima,1623T
Carles Cordoba,1625
Luis Garcia Paez,1626
Alfred Almasi,1627T
Michael Antonius,1627T
Theo Arribage,1627T
Ulises Blanch,1627T
Casper Christensen,1627T
Remy Dugardin,1627T
Roberto Ferrer Guimaraes,1627T
Loan Lestir,1627T
Ivan Liutarevich,1627T
Fernando Romboli,1627T
Jelani Sarr,1627T
JJ Tracy,1627T
Baltazar Wiger Nordas,1627T
Takeru Yuzuki,1627T
Kacper Zuk,1627T
Billy Blaydes,1642T
Ye Chen,1642T
Theodore Dean,1642T
Nikita Samuel Filin,1642T
Raul Garcia,1642T
Ray Ho,1642T
Saahith Jayaraman,1642T
Andrej Loncarevic,1642T
Neo Niedner,1642T
Patrick Schoen,1642T
Max Sheldon,1642T
Martin Antonio Vergara Del Puerto,1642T
Justin Barki,1654T
Lautaro Correa Beguerie,1654T
Matias Franco Descotte,1654T
Diego Duran,1654T
Noritaka Koizumi,1654T
Oscar Lacides,1654T
Duje Markovina,1654T
Harry Pugh,1654T
Tomas Rengel Sierra,1654T
Flynn Thomas,1654T
Nikita Volonski,1654T
Christian Wedel,1654T
Anthony Wright,1654T
Antonio Caruso,1667T
Milledge  Cossu,1667T
Sebastian Dominguez,1667T
Amine Jamji,1667T
Emiliano Jorquera,1667T
Markos Kalovelonis,1667T
Oskar Brostrom Poulsen,1667T
Rishab Agarwal,1674T
Elijah Cham,1674T
Ryan Colby,1674T
Nathan Cox,1674T
Matteo De Vincentis,1674T
Dmitry Dolzhenkov,1674T
Valentin Garay,1674T
Federico Guarducci,1674T
Asahi Harazaki,1674T
Toru Horie,1674T
Jarrod Joyce,1674T
Toshiki Karigyo,1674T
Botond Kisantal,1674T
Espen Lagarde,1674T
Clement Lemire,1674T
Tomas Jordi Leston,1674T
Mikolaj Lorens,1674T
Gasper Matijasic,1674T
Marko Mesarovic,1674T
Diogo Morais,1674T
Shu Muto,1674T
Viacheslav Ovchinnikov,1674T
Ilija Palavestra,1674T
Bengt Johan Reinhard,1674T
Carl Roothman,1674T
Dmytro Shirokyi,1674T
Phoenix Weir,1674T
Elias Julian Werner,1674T
Cade Birrell,1702T
Shion Itsusaki,1702T
Vardan Manukyan,1702T
Zack Viiala,1702T
Taym Al Azmeh,1706T
Mousa Alkotop,1706T
Noah Brownrigg,1706T
Ivan Dreycopp,1706T
Giammarco Gandolfi,1706T
Spencer Gray,1706T
Lukas Hellum Lilleengen,1706T
Carl Holder,1706T
Oskar Jansson,1706T
Edoardo Lavagno,1706T
Michele Mecarelli,1706T
"Luis \"Guto\" Miguel",1706T
Aleksandar Mihailovic,1706T
Ren Nakamura,1706T
Mattia Nannelli,1706T
Tomislav Edward Papac,1706T
Gabriel Schenekenberg,1706T
Noah Schlagenhauf,1706T
Gunawan Trismuwantara,1706T
Paul Valsecchi,1706T
Valentin Vanta,1706T
Jan Wygona,1706T
Pranav Karthik,1728T
Alberto Morolli,1728T
Kosuke Shibano,1728T
Ko Suzuki,1728T
Laurin Aerne,1732T
Ryan Augusto Dos Santos,1732T
Siddhant Banthia,1732T
Victor Braga,1732T
Filiberto Fumagalli,1732T
Nicolas Rafael Goldberg Alviani,1732T
Kaeri Hernandez Mariona,1732T
Patrik Homola,1732T
Chun Chien Hou,1732T
Yeong Seok Jeong,1732T
Alex Kobelt,1732T
Arthur Laborde,1732T
Thijmen Loof,1732T
Fabrizio Karol Pio Osti,1732T
Seungmin Park,1732T
William Rejchtman Vinciguerra,1732T
Yoshka Sborowsky,1732T
Ezequiel Simonit,1732T
Kian Vakili,1732T
Aditya Vishal Balsekar,1732T
Gray Voelzke,1732T
Antoni Fabre,1753T
Shaoyun Liu,1753T
Andrea Colombo,1755T
Jesse De Jager,1755T
Valentin Guadagno,1755T
Noah Karma,1755T
Matt Kleiman,1755T
Yuhei Kono,1755T
Alan Raul Sau Franco,1755T
Rafael Segado Esteve,1755T
Daiki Yoshimura,1755T
Marco Furlanetto,1764T
Jim Hendrikx,1764T
Sebastian Grundtvig Jorgensen,1764T
Joao Vitor Scramin Do Lago,1764T
Alan Wazny,1764T
Henrik Bladelius,1769T
Stylianos Christodoulou,1769T
Daniel Jade,1769T
Alvaro Jimenez,1769T
Arjun Mehrotra,1769T
Darius Florin Pop,1769T
Rishi Reddy,1769T
Tom Sickenberger,1769T
Linghao Zhang,1769T
Roman Kharlamov,1778T
Mikel Martinez,1778T
Moritz Hoffmann,1780T
Hiromasa Koyama,1780T
Alejandro Lopez Escribano,1780T
Jonathan Mridha,1780T
David Petrovic,1780T
Rocco Piatti,1780T
Egor Pleshivtsev,1786
Jiri Cizek,1787T
Kabir Hans,1787T
Gabriel Matuszewski,1787T
Andrea Motta,1787T
Luca Parenti,1787T
Tobias Sonne,1787T
Mateya Stanisavljevic,1787T
Miha Vetrih,1787T
Kerem Yilmaz,1787T
Vesa Ahti,1796T
Melih Anavatan,1796T
Alvaro Bueno Gil,1796T
Felipe De Dios,1796T
Matt Ponchet,1796T
Abhinav Sanjeev Shanmugam,1796T
Yassine Smiej,1796T
Pierre Antoine Tailleu,1796T
Isaac Nortey,1804T
Zhengyu Sun,1804T
Daniel Domingos,1806
Maan Kesharwani,1807T
Alaa Trifi,1807T
Sean Hess,1809
Alessandro Bellifemine,1810
Eric Ahren Moonga,1811T
Artur Aiukhanov,1811T
Kiruthik Kalyaan Annur Senthil Kumar,1811T
Juan Samuel Arauzo Martinez,1811T
Romeo Arcuschin,1811T
Boris Arias,1811T
David Asenov,1811T
Jiri Barnat,1811T
Jerry Barton,1811T
Bastian Berenz,1811T
Mika Berghaus,1811T
Alexis Berquier,1811T
Juliusz Bienkiewicz,1811T
Federico Bove,1811T
Santiago Bramajo,1811T
Omar Brigida,1811T
Connor Bruce,1811T
Tighe Brunetti,1811T
Hugo Cardinaud,1811T
Marcos Castro Fabra,1811T
Yash Chaurasia,1811T
Mahmoud Chetouane,1811T
Enrique Collar,1811T
Francesco Cordova,1811T
Artem Dubrivnyy,1811T
Birtan Duran,1811T
Samyar Elyasi,1811T
Xavier Ferrer Mateo,1811T
Corey Gaal,1811T
Jon Gamble,1811T
Alejandro Garcia Carbajal,1811T
Perry Gregg,1811T
Maxim Groysman,1811T
Gus Grumet,1811T
Kornel Halmos,1811T
Mark Havlicek,1811T
Sergio Ingles Garre,1811T
Andrew Johnson,1811T
Mathieu Josserand,1811T
Petar Jovanovic,1811T
Hamza Karmoussi,1811T
Holden Koons,1811T
Lance Lage,1811T
Tim Loosen,1811T
Cyrus Mahjoob,1811T
Martin Maldonado,1811T
Kaspar Mathes,1811T
Joel Meda,1811T
Moein Moazam,1811T
Mason Naumovski,1811T
Bruno Nhavene,1811T
Niklas Niggemann,1811T
Dingzheng Nima,1811T
Ricard Novell,1811T
Ignacio Novo,1811T
Alexander Ikenna Okonkwo,1811T
Valdemar Frederik Pape,1811T
Matija Pecotic,1811T
Felipe Pinzon Moreno,1811T
Mattias Pisanu,1811T
Tadija Radovanovic,1811T
Noah Regas Luis,1811T
Henry Ren,1811T
Rodrigo Reyna,1811T
Agassi Rusher,1811T
Leevi Saatela,1811T
Yan Sabanin,1811T
Edoardo Santoni,1811T
Batyr Sapaev,1811T
Djordje Sapic,1811T
Jan Sebesta,1811T
Jack Secord,1811T
Mitchell Sheldon,1811T
Hayden Shoemake,1811T
Leon Sloboda,1811T
Stephen Slocombe,1811T
Filip Stidell,1811T
Kazuki Sugimoto,1811T
Adam Gabor Szoke,1811T
Luciano Tacchi,1811T
Ryan Torres,1811T
Timeo Trufelli,1811T
Vaal Urankar,1811T
Iiro Vasa,1811T
Dmitrii Vasilev,1811T
Felipe Vazquez,1811T
Max Villar,1811T
Sam Wensley,1811T
Dawid Wisniewski,1811T
Kai An Wu,1811T
Yusuke Yoshikawa,1811T
Ahmed Zaki,1811T
Carlos Zerega,1811T
William Zhang,1811T
Shixun Zhu,1811T
Danielle Abadia,1906T
Alan Abdullin,1906T
Harrison Adams,1906T
Joao Antonio,1906T
Mert Aytekin,1906T
Tristan Berard,1906T
Luke Casper,1906T
Penn Charusorn,1906T
Jordan Correia,1906T
João Pedro Didoni Bonini,1906T
Sid Donarski,1906T
Mikhail Dubrouski,1906T
Maximus Dussault,1906T
Gabriel Elicha Navas,1906T
Jonas Eriksson Ziverts,1906T
Lorenzo Esquici,1906T
Wen Bo Fan,1906T
Tobias Franco,1906T
Jose Freitas,1906T
Thomas Nicholas Gadecki,1906T
Filippo Francesco Garbero,1906T
Iker Gaztambide Arrastia,1906T
Aditya Govila,1906T
Thomas Gunzinger,1906T
Matthew Harris,1906T
Alexandru Toubi Hebhang Balan,1906T
Yuya Hirose,1906T
Lucas Horve,1906T
Nicolas Hurtado Novoa,1906T
Leonardo Iemmi,1906T
Ilya Ignatov,1906T
Nicola Ion,1906T
Alejandro Jacome Jaramillo,1906T
Patrick Jozwicki,1906T
Kaigaoge Kang,1906T
Nicolas Kobelt,1906T
Veljko Krstic,1906T
Yazid Lahjomri,1906T
Jun Hao Luo,1906T
Karol Malirz,1906T
Tomas Marin,1906T
Daniel Marincas,1906T
Benjamin  Martin,1906T
Ashton Mcleod,1906T
Petr Michnev,1906T
Milos Mikovic,1906T
Javier Molino,1906T
Jean Christian Morandais,1906T
Freddy Murray,1906T
Adam Neff,1906T
Andy Nguyen,1906T
Nicolas Oliveira,1906T
Arnav Vijay Paparkar,1906T
Glauco Pinheiro Da Cruz Junior,1906T
Boris Pokotilov,1906T
Peter Benjamin Privara,1906T
Yannik Rahman,1906T
Arjun Rathi,1906T
Lucas Renard,1906T
Philippe Renard,1906T
Pablo Robledo,1906T
Jan Sadzik,1906T
Hiroki Sakagawa,1906T
Jonas Schaer,1906T
Mehluli Don Ayanda Sibanda,1906T
Joao Silva,1906T
Nicholas Steiglehner,1906T
Gustaf Strom,1906T
Elias Sumann,1906T
Leonardo Taddia,1906T
Jin Peng Tang,1906T
Daniel Tazabekov,1906T
Kai Thompson,1906T
Aadarsh Tripathi,1906T
Nathan Trouve,1906T
Venedikt Tsirikidze,1906T
Cagan Efe Tufekci,1906T
Yubel Ubri,1906T
Abdulaziz Usmonjonov,1906T
Jip Van Assendelft,1906T
Alexander Vikhlyantsev,1906T
Yassin Ahmed Wageh,1906T
Max Westphal,1906T
Aaron James Williams,1906T
Maximus Zavier Wong,1906T
Arturs Zagars,1906T
Ilias Zimmermann,1906T
Damir Abdusamadov,1993T
Mohammad Alkotop,1993T
Christos Antonopoulos,1993T
Sergio Badini,1993T
Dusan Baranec,1993T
Michael Alejandro Beltran Rubio,1993T
Patricio Betancourt Gonzalez,1993T
Flavio Bocci,1993T
Thanaphat Boosarawongse,1993T
Miguel Angel Cabrera,1993T
Filippo Callerio,1993T
Vasilios Caripi,1993T
Dario Alexandru Ciobotaru,1993T
Nav Dayal,1993T
Nikola Djukic Valera,1993T
Oskari Eerola,1993T
Tarek Erlewein,1993T
Juan Carlos Fuentes Vasquez,1993T
Liam Gavrielides,1993T
Rafael Giotis,1993T
Alexander Glomb,1993T
Julius Maximilian Haus,1993T
Ryan Haviland,1993T
Liam Hignett,1993T
Vladimir Holban,1993T
Alex Jones,1993T
Dorian Juszczak,1993T
Mickael Kaouk,1993T
Jack Karlsson Wistrand,1993T
Alexander Krylov,1993T
Justin Lenders,1993T
Isaac Lhomond,1993T
Cian Maguire,1993T
Adam Majchrzak,1993T
Richard Mallory,1993T
Norbert Marosik,1993T
Maciej Matuszczyk,1993T
Jack Patrick Mcgary,1993T
Stefan Menichella,1993T
Andreas Messis,1993T
Mak Mikovic,1993T
William Mroz,1993T
Abdulhamid Mubarak,1993T
Botond Nagy,1993T
Patrik Oplustil,1993T
Kunanan Pantaratorn,1993T
Julien Penzlin,1993T
Daniil Piatrouski,1993T
Tomas Pinho,1993T
Roman Postolka,1993T
Loris Pourroy,1993T
Tim Ruehl,1993T
Savva Rybkin,1993T
Stefan Seifert,1993T
Piotr Siekanowicz,1993T
Fredrik Krogh Solheim,1993T
Samuel Stolarik,1993T
Yusaku Sugaya,1993T
Bjorn Swenson,1993T
Dean Thurner,1993T
Harry Thursfield,1993T
Alexander Ushakov,1993T
Henrik Villanger,1993T
Benjamin Vitter,1993T
Jakub Vrba,1993T
Yamato Yukawa,1993T
Vitaliy Zatsepin,1993T
Gonzalo Zeitune,1993T
Anton Arzhankin,2061T
Achilles Belkovics,2061T
Max Benaim,2061T
Gregorio Biondolillo,2061T
Dakotah Bobo,2061T
David Cristian Carteputreda,2061T
Pavlos Christoforakis,2061T
Edoardo De Filippo,2061T
Reuben De Klerk,2061T
Julian Desousa,2061T
Mathys Domenc,2061T
Hamza El Amine,2061T
Anthony Genov,2061T
Gregor Hausberger,2061T
Antoine Hoang,2061T
Sean Hodkin,2061T
Roan Jones,2061T
Karlo Kajin,2061T
Tarun Karra,2061T
Samuil Konov,2061T
Andrei Kunitsyn,2061T
Tomas Lanik,2061T
Jules Leroux,2061T
Mirko Martinez,2061T
Ahmed Mouhan,2061T
Noppadol Noikor,2061T
William Nolan,2061T
Alex Santino Nuñez Vera,2061T
Maximilian Oezcelik,2061T
Minjong Park,2061T
Piotr Pawlak,2061T
Justin Roberts,2061T
Lev Seidman,2061T
Michael Shaw,2061T
Fred Simonsson,2061T
Mattias Southcombe,2061T
Calin Teodor Stirbu,2061T
Roland Stuurman,2061T
Luka Talan Lopatic,2061T
Guillermo Tunas,2061T
Fons Van Sambeek,2061T
Matei Varbanciu,2061T
Antoine Walch,2061T
Kai I Wang,2061T
Weitao Xu,2061T
Yash Yadav,2061T
Fernando Yamacita,2061T
Sergey Betov,2108T
Ivan Biletic,2108T
Leonardo Borrelli,2108T
Giovanni Calvano,2108T
Jose Dominguez Alonso,2108T
Andrei Corneliu Gadoiu,2108T
Henri Haupt,2108T
Bryan Hernandez Cortes,2108T
Yeonsu Jeong,2108T
Dheeraj Kodancha Srinivasan,2108T
Rein Koenders,2108T
Makar Krivoshchekov,2108T
Lucky Candra Kurniawan,2108T
Daniel Lara Salmeron,2108T
Karl Kazuma Lee,2108T
Dylan Long,2108T
Lachlan James Mcfadzean,2108T
Fanming Meng,2108T
Matteo Mesaglio,2108T
Zhou Mingzhou,2108T
Saba George Nanobashvili,2108T
Charlie Pade,2108T
Michalis Sakellaridis,2108T
Iker Sevilla,2108T
Mikal Statham,2108T
Vullnet Tashi,2108T
Benoit Torcq,2108T
Joe Tyler,2108T
Qiulin Wang,2108T
Bang Shuo Yin,2108T
Marco Alvarez,2138T
Alejandro Arcila,2138T
Abraham Asaba,2138T
Mateo Carballo,2138T
Sven Corbinais,2138T
Ryusuke Horiuchi,2138T
Uladzimir Ignatik,2138T
Raghav Jaisinghani,2138T
Adam Jones,2138T
Atakan Karahan,2138T
Matic Kriznik,2138T
Vladislav Melnic,2138T
Silvio Mencaglia,2138T
Matei Cristian Onofrei,2138T
Drazen Petrovic,2138T
Cedric Stanke,2138T
Zach Stephens,2138T
Simone Agostini,2155T
Alejandro Bancalari,2155T
Nicolas Hollender,2155T
Alejandro Melero Kretzer,2155T
Essa Qabazard,2155T
Nicolas Esteban Rico Arias,2155T
Peter Sallay,2155T
Jake Van Emburgh,2155T
Lazar Vojinovic,2155T
Tsz Fu Wong,2155T
Minghui Zhang,2155T
Adrien Burdet,2166T
Matic Dimic,2166T
Carlos Giraldi,2166T
Xirui Han,2166T
Jan Jermar,2166T
Enmanuel Munoz,2166T
Hugo Ouzilou,2166T
Alvaro Peiro Serrano,2166T
Nicolas Robert,2166T
Atharva Sharma,2166T
Aryan Lakshmanan,2176T
Kyle Overmyer,2176T
Peter Alam,2178T
Louis Allen,2178T
Ty Host,2178T
Tobia Costanzo Baragiola Mordini,2181T
Benjamin Torres,2181T
Jayden Court,2183T
Kazuma Kawachi,2183T
Guilherme Valdoleiros,2183T
