match,tournament,round,date,completed,log_reg_prob,rf_prob,ens_prob,log_reg_ml_p1,log_reg_ml_p2,rf_ml_p1,rf_ml_p2,ens_ml_p1,ens_ml_p2,log_reg_dec_p1,log_reg_dec_p2,rf_dec_p1,rf_dec_p2,ens_dec_p1,ens_dec_p2
457,Cincinnati Masters,QF,2025-08-07,True,0.6379615445715767,0.72,0.7117961544571577,-176,176,-257,257,-247,247,1.5675,2.7621,1.3889,3.5714,1.4049,3.4698
2123,Miami Masters,R32,2025-03-19,True,0.6224417723575957,0.71,0.7012441772357596,-165,165,-245,245,-235,235,1.6066,2.6486,1.4085,3.4483,1.426,3.3472
1371,Buenos Aires,QF,2025-02-10,True,0.6134143326858608,0.56,0.5653414332685862,-159,159,-127,127,-130,130,1.6302,2.5867,1.7857,2.2727,1.7688,2.3007
1905,Vienna,QF,2025-10-20,True,0.6134143326858608,0.62,0.6193414332685862,-159,159,-163,163,-163,163,1.6302,2.5867,1.6129,2.6316,1.6146,2.627
1033,Monte Carlo Masters,R32,2025-04-07,True,0.6439967872557731,0.56,0.5683996787255774,-181,181,-127,127,-132,132,1.5528,2.809,1.7857,2.2727,1.7593,2.317
2142,Davis Cup QLS R2: USA vs CZE,RR,2025-09-12,True,0.6379615445715767,0.59,0.5947961544571577,-176,176,-144,144,-147,147,1.5675,2.7621,1.6949,2.439,1.6812,2.4679
2143,Davis Cup QLS R2: USA vs CZE,RR,2025-09-12,True,0.6161829549666782,0.75,0.7366182954966679,-161,161,-300,300,-280,280,1.6229,2.6054,1.3333,4.0,1.3576,3.7968
1088,Madrid Masters,R32,2025-04-23,True,0.5986016309165028,0.44,0.4558601630916503,-149,149,127,-127,119,-119,1.6706,2.4913,2.2727,1.7857,2.1937,1.8378
2729,Shanghai Masters,R32,2025-10-01,True,0.5730450446456307,0.61,0.6063045044645631,-134,134,-156,156,-154,154,1.7451,2.3422,1.6393,2.5641,1.6493,2.54
1045,Australian Open,R16,2025-01-13,True,0.6223950761787994,0.6584363363643206,0.6548322103457684,-165,165,-193,193,-190,190,1.6067,2.6483,1.5187,2.9277,1.5271,2.8971
2366,Hamburg,R16,2025-05-18,True,0.6756061052485182,0.1930944527736132,0.2413456180211037,-208,208,418,-418,314,-314,1.4802,3.0827,5.1788,1.2393,4.1434,1.3181
2370,Rome Masters,R32,2025-05-07,True,0.6131731910931915,0.54,0.5473173191093192,-159,159,-117,117,-121,121,1.6309,2.5851,1.8519,2.1739,1.8271,2.2091
2103,US Open,R32,2025-08-25,True,0.6120796697316202,0.79,0.7722079669731621,-158,158,-376,376,-339,339,1.6338,2.5778,1.2658,4.7619,1.295,4.39
469,Stuttgart,SF,2025-06-09,True,0.6409423745694702,0.3,0.33409423745694705,-179,179,233,-233,199,-199,1.5602,2.7851,3.3333,1.4286,2.9932,1.5017
2138,Brisbane,R16,2026-01-04,True,0.6061951112616609,0.4023002340354397,0.4226897217580618,-154,154,149,-149,137,-137,1.6496,2.5393,2.4857,1.6731,2.3658,1.7322
1018,Queen's Club,SF,2025-06-16,True,0.6094589053789057,0.85,0.8259458905378906,-156,156,-567,567,-475,475,1.6408,2.5606,1.1765,6.6667,1.2107,5.7453
1091,Barcelona,R16,2025-04-14,True,0.6402629325439011,0.78,0.7660262932543902,-178,178,-355,355,-327,327,1.5619,2.7798,1.2821,4.5455,1.3054,4.274
1017,Queen's Club,F,2025-06-16,True,0.7133434067293491,0.66,0.665334340672935,-249,249,-194,194,-199,199,1.4018,3.4885,1.5152,2.9412,1.503,2.9881
1090,Barcelona,QF,2025-04-14,True,0.6874740812007507,0.28,0.32074740812007513,-220,220,257,-257,212,-212,1.4546,3.1997,3.5714,1.3889,3.1177,1.4722
473,Hamburg,SF,2025-05-18,True,0.5730450446456307,0.52,0.5253045044645631,-134,134,-108,108,-111,111,1.7451,2.3422,1.9231,2.0833,1.9037,2.1066
2119,Madrid Masters,R32,2025-04-23,True,0.5965890226473939,0.72,0.7076589022647394,-148,148,-257,257,-242,242,1.6762,2.4789,1.3889,3.5714,1.4131,3.4207
1021,Queen's Club,R32,2025-06-16,True,0.6409423745694702,0.56,0.5680942374569471,-179,179,-127,127,-132,132,1.5602,2.7851,1.7857,2.2727,1.7603,2.3153
1910,Shanghai Masters,R32,2025-10-01,True,0.5986016309165028,0.56,0.5638601630916504,-149,149,-127,127,-129,129,1.6706,2.4913,1.7857,2.2727,1.7735,2.2928
2349,Cincinnati Masters,R32,2025-08-07,True,0.569372140972727,0.6357343952583812,0.6290981698298158,-132,132,-175,175,-170,170,1.7563,2.3222,1.573,2.7452,1.5896,2.6961
2362,Stuttgart,QF,2025-06-09,True,0.5986016309165028,0.5270265908020987,0.5341840948135391,-149,149,-111,111,-115,115,1.6706,2.4913,1.8974,2.1143,1.872,2.1468
1376,Australian Open,R128,2025-01-13,True,0.6223950761787994,0.6584363363643208,0.6548322103457687,-165,165,-193,193,-190,190,1.6067,2.6483,1.5187,2.9277,1.5271,2.8971
1374,Australian Open,R32,2025-01-13,True,0.6223950761787994,0.6584363363643208,0.6548322103457687,-165,165,-193,193,-190,190,1.6067,2.6483,1.5187,2.9277,1.5271,2.8971
2189,Vienna,R32,2025-10-20,True,0.6061951112616609,0.62,0.6186195111261661,-154,154,-163,163,-162,162,1.6496,2.5393,1.6129,2.6316,1.6165,2.6221
1705,Paris Masters,R32,2025-10-27,True,0.592718645638646,0.644726356766659,0.6395255856538578,-146,146,-181,181,-177,177,1.6871,2.4553,1.551,2.8147,1.5637,2.7741
2114,Halle,R32,2025-06-16,True,0.6061951112616609,0.6,0.6006195111261661,-154,154,-150,150,-150,150,1.6496,2.5393,1.6667,2.5,1.6649,2.5039
2113,Halle,R16,2025-06-16,True,0.6593403981437053,0.6849248890985511,0.6823664400030666,-194,194,-217,217,-215,215,1.5167,2.9355,1.46,3.1738,1.4655,3.1483
2359,Queen's Club,QF,2025-06-16,True,0.6793884735930046,0.65,0.6529388473593005,-212,212,-186,186,-188,188,1.4719,3.119,1.5385,2.8571,1.5315,2.8813
2616,Laver Cup,RR,2025-09-19,True,0.6024808255473751,0.45,0.46524808255473754,-152,152,122,-122,115,-115,1.6598,2.5156,2.2222,1.8182,2.1494,1.87
1833,Paris Masters,R32,2025-10-27,True,0.6789028085452214,0.6,0.6078902808545221,-211,211,-150,150,-155,155,1.473,3.1143,1.6667,2.5,1.645,2.5503
2353,Washington,QF,2025-07-21,True,0.6296609937817956,0.73,0.7199660993781796,-170,170,-270,270,-257,257,1.5882,2.7002,1.3699,3.7037,1.389,3.571
2351,Canada Masters,R32,2025-07-27,True,0.5836482888642756,0.7,0.6883648288864276,-140,140,-233,233,-221,221,1.7134,2.4018,1.4286,3.3333,1.4527,3.2089
2646,Indian Wells Masters,R32,2025-03-05,True,0.5986016309165028,0.42,0.43786016309165027,-149,149,138,-138,128,-128,1.6706,2.4913,2.381,1.7241,2.2838,1.7789
2337,Vienna,R32,2025-10-20,True,0.5936392292568845,0.6818304363249379,0.6730113156181327,-146,146,-214,214,-206,206,1.6845,2.4609,1.4666,3.143,1.4859,3.0582
2380,Miami Masters,R16,2025-03-19,True,0.6897984351823259,0.7147263567666591,0.7122335646082258,-222,222,-251,251,-248,248,1.4497,3.2237,1.3991,3.5054,1.404,3.475
2372,Madrid Masters,R16,2025-04-23,True,0.6398579962761302,0.6816110735286465,0.6774357658033948,-178,178,-214,214,-210,210,1.5628,2.7767,1.4671,3.1408,1.4762,3.1002
2336,Vienna,R16,2025-10-20,True,0.6789028085452214,0.75,0.7428902808545221,-211,211,-300,300,-289,289,1.473,3.1143,1.3333,4.0,1.3461,3.8894
2377,Houston,SF,2025-03-31,True,0.6897984351823259,0.22,0.2669798435182326,-222,222,355,-355,275,-275,1.4497,3.2237,4.5455,1.2821,3.7456,1.3642
1022,Stuttgart,QF,2025-06-09,True,0.6161829549666782,0.54,0.5476182954966679,-161,161,-117,117,-121,121,1.6229,2.6054,1.8519,2.1739,1.8261,2.2105
2333,Brisbane,R32,2026-01-04,True,0.6409423745694702,0.8,0.7840942374569471,-179,179,-400,400,-363,363,1.5602,2.7851,1.25,5.0,1.2754,4.6317
2618,Cincinnati Masters,R32,2025-08-07,True,0.6409423745694702,0.67,0.6670942374569471,-179,179,-203,203,-200,200,1.5602,2.7851,1.4925,3.0303,1.499,3.0039
2341,Tokyo,QF,2025-09-24,True,0.6308189547635452,0.68,0.6750818954763547,-171,171,-213,213,-208,208,1.5852,2.7087,1.4706,3.125,1.4813,3.0777
2880,Monte Carlo Masters,R64,2025-04-07,True,0.7081914323080117,0.68,0.6828191432308013,-243,243,-213,213,-215,215,1.412,3.4269,1.4706,3.125,1.4645,3.1528
2629,Halle,QF,2025-06-16,True,0.5730450446456307,0.52,0.5253045044645631,-134,134,-108,108,-111,111,1.7451,2.3422,1.9231,2.0833,1.9037,2.1066
2630,Halle,R16,2025-06-16,True,0.6953854156500585,0.54,0.5555385415650059,-228,228,-117,117,-125,125,1.4381,3.2828,1.8519,2.1739,1.8001,2.2499
2631,Halle,R32,2025-06-16,True,0.6409423745694702,0.6,0.604094237456947,-179,179,-150,150,-153,153,1.5602,2.7851,1.6667,2.5,1.6554,2.5259
2383,Indian Wells Masters,R16,2025-03-05,True,0.6857536826687419,0.6196512458652101,0.6262614895455633,-218,218,-163,163,-168,168,1.4582,3.1822,1.6138,2.6292,1.5968,2.6757
2603,Australian Open,R32,2025-01-13,True,0.6223950761787994,0.6584363363643208,0.6548322103457687,-165,165,-193,193,-190,190,1.6067,2.6483,1.5187,2.9277,1.5271,2.8971
2188,Paris Masters,R64,2025-10-27,True,0.5730450446456307,0.51,0.5163045044645631,-134,134,-104,104,-107,107,1.7451,2.3422,1.9608,2.0408,1.9368,2.0674
1711,Beijing,R32,2025-09-25,True,0.6226829139502651,0.65,0.6472682913950266,-165,165,-186,186,-184,184,1.606,2.6503,1.5385,2.8571,1.545,2.835
2739,US Open,R32,2025-08-25,True,0.6477453624064,0.5772889935256034,0.584334630413683,-184,184,-137,137,-141,141,1.5438,2.8389,1.7322,2.3657,1.7113,2.4058
1025,Roland Garros,R32,2025-05-26,True,0.6300992942146955,0.71,0.7020099294214696,-170,170,-245,245,-236,236,1.5871,2.7034,1.4085,3.4483,1.4245,3.3558
1026,Roland Garros,R64,2025-05-26,True,0.6379615445715767,0.88,0.8557961544571577,-176,176,-733,733,-593,593,1.5675,2.7621,1.1364,8.3333,1.1685,6.9346
2538,Rotterdam,R32,2025-02-03,True,0.6161829549666782,0.62,0.6196182954966679,-161,161,-163,163,-163,163,1.6229,2.6054,1.6129,2.6316,1.6139,2.6289
1470,United Cup,QF,2026-01-02,True,0.6024808255473751,0.27,0.30324808255473756,-152,152,270,-270,230,-230,1.6598,2.5156,3.7037,1.3699,3.2976,1.4352
2648,Acapulco,R16,2025-02-24,True,0.6935470103329527,0.55,0.5643547010332953,-226,226,-122,122,-130,130,1.4419,3.2631,1.8182,2.2222,1.7719,2.2954
2644,Houston,R32,2025-03-31,True,0.6296609937817956,0.59,0.5939660993781796,-170,170,-144,144,-146,146,1.5882,2.7002,1.6949,2.439,1.6836,2.4628
2642,Houston,QF,2025-03-31,True,0.6296609937817956,0.61,0.6119660993781796,-170,170,-156,156,-158,158,1.5882,2.7002,1.6393,2.5641,1.6341,2.5771
1934,Madrid Masters,R64,2025-04-23,True,0.6446909497200971,0.6,0.6044690949720097,-181,181,-150,150,-153,153,1.5511,2.8145,1.6667,2.5,1.6543,2.5282
1922,Mallorca,SF,2025-06-22,True,0.5535001047746624,0.62,0.6133500104774663,-124,124,-163,163,-159,159,1.8067,2.2396,1.6129,2.6316,1.6304,2.5863
2622,Canada Masters,R32,2025-07-27,True,0.6161829549666782,0.67,0.664618295496668,-161,161,-203,203,-198,198,1.6229,2.6054,1.4925,3.0303,1.5046,2.9817
2621,Canada Masters,R16,2025-07-27,True,0.6593353716951561,0.53,0.5429335371695156,-194,194,-113,113,-119,119,1.5167,2.9354,1.8868,2.1277,1.8418,2.1879
2620,Canada Masters,QF,2025-07-27,True,0.7133434067293491,0.57,0.5843343406729349,-249,249,-133,133,-141,141,1.4018,3.4885,1.7544,2.3256,1.7113,2.4058
2609,Vienna,R32,2025-10-20,True,0.7356243364390235,0.4840197351337315,0.5091801952642606,-278,278,107,-107,-104,104,1.3594,3.7825,2.066,1.9381,1.9639,2.0374
1604,Hamburg,F,2025-05-18,True,0.6337997847614386,0.6,0.6033799784761439,-173,173,-150,150,-152,152,1.5778,2.7307,1.6667,2.5,1.6573,2.5213
1607,Hamburg,R16,2025-05-18,True,0.6793884735930046,0.48472635676665904,0.5041925684492936,-212,212,106,-106,-102,102,1.4719,3.119,2.063,1.9407,1.9834,2.0169
1939,Monte Carlo Masters,R64,2025-04-07,True,0.7081914323080117,0.73,0.7278191432308012,-243,243,-270,270,-267,267,1.412,3.4269,1.3699,3.7037,1.374,3.674
2878,Barcelona,R16,2025-04-14,True,0.6993238604815307,0.62,0.6279323860481532,-233,233,-163,163,-169,169,1.43,3.3258,1.6129,2.6316,1.5925,2.6877
1932,Rome Masters,R64,2025-05-07,True,0.5769242392765032,0.69,0.6786924239276503,-136,136,-223,223,-211,211,1.7333,2.3636,1.4493,3.2258,1.4734,3.1123
2044,Cincinnati Masters,R32,2025-08-07,True,0.6296609937817956,0.67,0.6659660993781796,-170,170,-203,203,-199,199,1.5882,2.7002,1.4925,3.0303,1.5016,2.9937
1925,Roland Garros,R16,2025-05-26,True,0.6159418133740089,0.67,0.664594181337401,-160,160,-203,203,-198,198,1.6235,2.6038,1.4925,3.0303,1.5047,2.9815
2048,Washington,R16,2025-07-21,True,0.6758483958589185,0.61,0.6165848395858919,-208,208,-156,156,-161,161,1.4796,3.085,1.6393,2.5641,1.6218,2.6081
2187,Brisbane,R32,2026-01-04,True,0.6061951112616609,0.56,0.5646195111261663,-154,154,-127,127,-130,130,1.6496,2.5393,1.7857,2.2727,1.7711,2.2968
2038,Tokyo,R32,2025-09-24,True,0.5564689151662754,0.56,0.5596468915166276,-125,125,-127,127,-127,127,1.797,2.2546,1.7857,2.2727,1.7868,2.2709
2534,Dubai,R32,2025-02-24,True,0.6161829549666782,0.6718304363249379,0.666265688189112,-161,161,-205,205,-200,200,1.6229,2.6054,1.4885,3.0472,1.5009,2.9964
2535,Marseille,QF,2025-02-10,True,0.6446909497200971,0.68,0.6764690949720098,-181,181,-213,213,-209,209,1.5511,2.8145,1.4706,3.125,1.4783,3.0909
2394,Australian Open,R128,2025-01-13,True,0.6223950761787994,0.6584363363643206,0.6548322103457684,-165,165,-193,193,-190,190,1.6067,2.6483,1.5187,2.9277,1.5271,2.8971
1715,US Open,R32,2025-08-25,True,0.5769129534052803,0.54,0.5436912953405281,-136,136,-117,117,-119,119,1.7334,2.3636,1.8519,2.1739,1.8393,2.1915
1708,Vienna,R32,2025-10-20,True,0.6061951112616609,0.72,0.7086195111261662,-154,154,-257,257,-243,243,1.6496,2.5393,1.3889,3.5714,1.4112,3.4319
841,Shanghai Masters,R32,2025-10-01,True,0.7555325137150808,0.76,0.7595532513715082,-309,309,-317,317,-316,316,1.3236,4.0905,1.3158,4.1667,1.3166,4.1589
2279,Davis Cup Finals SF: ESP vs GER,RR,2025-11-22,True,0.569372140972727,0.65,0.6419372140972728,-132,132,-186,186,-179,179,1.7563,2.3222,1.5385,2.8571,1.5578,2.7928
2046,Canada Masters,R32,2025-07-27,True,0.569372140972727,0.41,0.4259372140972727,-132,132,144,-144,135,-135,1.7563,2.3222,2.439,1.6949,2.3478,1.742
1229,Brisbane,R32,2026-01-04,True,0.6223950761787994,0.74,0.72823950761788,-165,165,-285,285,-268,268,1.6067,2.6483,1.3514,3.8462,1.3732,3.6797
2511,Cincinnati Masters,R32,2025-08-07,True,0.540051391864376,0.5630944527736133,0.5607901466826896,-117,117,-129,129,-128,128,1.8517,2.1742,1.7759,2.2888,1.7832,2.2768
2281,Paris Masters,R64,2025-10-27,True,0.6224417723575957,0.47,0.4852441772357596,-165,165,113,-113,106,-106,1.6066,2.6486,2.1277,1.8868,2.0608,1.9427
2884,Bucharest,R16,2025-03-31,True,0.5986016309165028,0.72,0.7078601630916503,-149,149,-257,257,-242,242,1.6706,2.4913,1.3889,3.5714,1.4127,3.423
1616,Monte Carlo Masters,R32,2025-04-07,True,0.7209912745680713,0.59,0.6030991274568072,-258,258,-144,144,-152,152,1.387,3.5841,1.6949,2.439,1.6581,2.5195
2280,Davis Cup Finals QF: ESP vs CZE,RR,2025-11-20,True,0.6223950761787994,0.72,0.71023950761788,-165,165,-257,257,-245,245,1.6067,2.6483,1.3889,3.5714,1.408,3.4511
2594,Indian Wells Masters,R64,2025-03-05,True,0.6267848937287837,0.38,0.4046784893728784,-168,168,163,-163,147,-147,1.5954,2.6794,2.6316,1.6129,2.4711,1.6798
2456,US Open,R64,2025-08-25,True,0.6159588643624926,0.52,0.5295958864362493,-160,160,-108,108,-113,113,1.6235,2.6039,1.9231,2.0833,1.8882,2.1258
2278,Davis Cup Finals F: ITA vs ESP,RR,2025-11-23,True,0.7142658509126629,0.7030319511649941,0.704155341139761,-250,250,-237,237,-238,238,1.4,3.4998,1.4224,3.3674,1.4201,3.3802
840,Shanghai Masters,R16,2025-10-01,True,0.658250993401816,0.58,0.5878250993401817,-193,193,-138,138,-143,143,1.5192,2.9261,1.7241,2.381,1.7012,2.4262
1612,Madrid Masters,R32,2025-04-23,True,0.6064362528543302,0.33,0.3576436252854331,-154,154,203,-203,180,-180,1.649,2.5409,3.0303,1.4925,2.7961,1.5568
1613,Madrid Masters,R64,2025-04-23,True,0.5986016309165028,0.71,0.6988601630916503,-149,149,-245,245,-232,232,1.6706,2.4913,1.4085,3.4483,1.4309,3.3207
1835,Vienna,QF,2025-10-20,True,0.6168623969922474,0.51,0.5206862396992248,-161,161,-104,104,-109,109,1.6211,2.61,1.9608,2.0408,1.9205,2.0863
1836,Vienna,R16,2025-10-20,True,0.6131731910931915,0.6,0.6013173191093192,-159,159,-150,150,-151,151,1.6309,2.5851,1.6667,2.5,1.663,2.5083
1844,Beijing,R16,2025-09-25,True,0.5878577464149888,0.59,0.589785774641499,-143,143,-144,144,-144,144,1.7011,2.4263,1.6949,2.439,1.6955,2.4378
1845,Beijing,R32,2025-09-25,True,0.5954446017010183,0.47,0.48254446017010183,-147,147,113,-113,107,-107,1.6794,2.4718,2.1277,1.8868,2.0723,1.9325
2606,Brisbane,R16,2026-01-04,True,0.662389784381459,0.57,0.5792389784381459,-196,196,-133,133,-138,138,1.5097,2.962,1.7544,2.3256,1.7264,2.3766
1936,Munich,QF,2025-04-14,True,0.7142658509126629,0.72,0.7194265850912663,-250,250,-257,257,-256,256,1.4,3.4998,1.3889,3.5714,1.39,3.5641
2568,Wimbledon,R128,2025-06-30,True,0.6474487553520377,0.8,0.7847448755352039,-184,184,-400,400,-365,365,1.5445,2.8365,1.25,5.0,1.2743,4.6457
2566,Wimbledon,R32,2025-06-30,True,0.6193853123053127,0.72,0.7099385312305313,-163,163,-257,257,-245,245,1.6145,2.6273,1.3889,3.5714,1.4086,3.4475
1029,Hamburg,R16,2025-05-18,True,0.5986016309165028,0.74,0.7258601630916504,-149,149,-285,285,-265,265,1.6706,2.4913,1.3514,3.8462,1.3777,3.6478
2531,Miami Masters,R64,2025-03-19,True,0.5986016309165028,0.46,0.4738601630916503,-149,149,117,-117,111,-111,1.6706,2.4913,2.1739,1.8519,2.1103,1.9006
833,Metz,F,2025-11-02,True,0.6159588643624926,0.7,0.6915958864362493,-160,160,-233,233,-224,224,1.6235,2.6039,1.4286,3.3333,1.4459,3.2425
1843,Shanghai Masters,R64,2025-10-01,True,0.6064362528543302,0.64,0.6366436252854331,-154,154,-178,178,-175,175,1.649,2.5409,1.5625,2.7778,1.5707,2.7521
2513,Canada Masters,R32,2025-07-27,True,0.5986016309165028,0.51,0.5188601630916503,-149,149,-104,104,-108,108,1.6706,2.4913,1.9608,2.0408,1.9273,2.0784
2596,Dubai,R16,2025-02-24,True,0.5986016309165028,0.46,0.4738601630916503,-149,149,117,-117,111,-111,1.6706,2.4913,2.1739,1.8519,2.1103,1.9006
2572,s Hertogenbosch,QF,2025-06-09,True,0.6308189547635452,0.68,0.6750818954763547,-171,171,-213,213,-208,208,1.5852,2.7087,1.4706,3.125,1.4813,3.0777
2276,United Cup,RR,2026-01-02,True,0.6024808255473751,0.55,0.5552480825547376,-152,152,-122,122,-125,125,1.6598,2.5156,1.8182,2.2222,1.801,2.2484
1631,Paris Masters,R32,2025-10-27,True,0.5375194361205644,0.32,0.34175194361205646,-116,116,212,-212,193,-193,1.8604,2.1623,3.125,1.4706,2.9261,1.5192
2597,Dubai,R32,2025-02-24,True,0.7226715100533956,0.4297541303921127,0.459045868358241,-261,261,133,-133,118,-118,1.3838,3.6058,2.3269,1.7536,2.1784,1.8486
2872,Wimbledon,R128,2025-06-30,True,0.5641612228585831,0.51,0.5154161222858583,-129,129,-104,104,-106,106,1.7725,2.2944,1.9608,2.0408,1.9402,2.0636
2598,Doha,R16,2025-02-17,True,0.6024808255473751,0.46,0.47424808255473755,-152,152,117,-117,111,-111,1.6598,2.5156,2.1739,1.8519,2.1086,1.902
1626,Acapulco,R32,2025-02-24,True,0.6296609937817956,0.9,0.8729660993781796,-170,170,-900,900,-687,687,1.5882,2.7002,1.1111,10.0,1.1455,7.8719
838,Paris Masters,R32,2025-10-27,True,0.5730450446456307,0.5930944527736132,0.5910895119608149,-134,134,-146,146,-145,145,1.7451,2.3422,1.6861,2.4576,1.6918,2.4455
1098,Miami Masters,R64,2025-03-19,True,0.654068613829219,0.23,0.2724068613829219,-189,189,335,-335,267,-267,1.5289,2.8907,4.3478,1.2987,3.671,1.3744
1768,Basel,R32,2025-10-20,True,0.6061951112616609,0.66,0.6546195111261661,-154,154,-194,194,-190,190,1.6496,2.5393,1.5152,2.9412,1.5276,2.8954
2050,Wimbledon,R64,2025-06-30,True,0.6296609937817956,0.5,0.5129660993781796,-170,170,-100,-100,-105,105,1.5882,2.7002,2.0,2.0,1.9494,2.0532
1764,Paris Masters,QF,2025-10-27,True,0.5730450446456307,0.48,0.4893045044645631,-134,134,108,-108,104,-104,1.7451,2.3422,2.0833,1.9231,2.0437,1.9581
1765,Paris Masters,R16,2025-10-27,True,0.6614272291543001,0.73,0.72314272291543,-195,195,-270,270,-261,261,1.5119,2.9536,1.3699,3.7037,1.3829,3.612
1766,Paris Masters,R32,2025-10-27,True,0.7153674085450616,0.76,0.7555367408545062,-251,251,-317,317,-309,309,1.3979,3.5133,1.3158,4.1667,1.3236,4.0906
1767,Paris Masters,R64,2025-10-27,True,0.6024808255473751,0.59,0.5912480825547375,-152,152,-144,144,-145,145,1.6598,2.5156,1.6949,2.439,1.6913,2.4465
2052,Mallorca,QF,2025-06-22,True,0.7184708565318181,0.76,0.7558470856531818,-255,255,-317,317,-310,310,1.3918,3.552,1.3158,4.1667,1.323,4.0958
2400,Paris Masters,R64,2025-10-27,True,0.5986016309165028,0.79,0.7708601630916504,-149,149,-376,376,-336,336,1.6706,2.4913,1.2658,4.7619,1.2973,4.3641
2399,Paris Masters,R32,2025-10-27,True,0.5663338458655908,0.51,0.515633384586559,-131,131,-104,104,-106,106,1.7657,2.3059,1.9608,2.0408,1.9394,2.0646
2559,US Open,R64,2025-08-25,True,0.6523552914844142,0.71,0.7042355291484415,-188,188,-245,245,-238,238,1.5329,2.8765,1.4085,3.4483,1.42,3.3811
2579,Geneva,R32,2025-05-18,True,0.6168623969922474,0.68,0.6736862396992248,-161,161,-213,213,-206,206,1.6211,2.61,1.4706,3.125,1.4844,3.0645
2863,Tokyo,R32,2025-09-24,True,0.569372140972727,0.4,0.41693721409727275,-132,132,150,-150,140,-140,1.7563,2.3222,2.5,1.6667,2.3984,1.7151
2576,Roland Garros,R64,2025-05-26,True,0.6398579962761302,0.77,0.756985799627613,-178,178,-335,335,-311,311,1.5628,2.7767,1.2987,4.3478,1.321,4.115
2575,Roland Garros,R32,2025-05-26,True,0.6161829549666782,0.61,0.6106182954966679,-161,161,-156,156,-157,157,1.6229,2.6054,1.6393,2.5641,1.6377,2.5682
1720,Washington,R16,2025-07-21,True,0.6061951112616609,0.38,0.4026195111261661,-154,154,163,-163,148,-148,1.6496,2.5393,2.6316,1.6129,2.4837,1.674
1721,Washington,R32,2025-07-21,True,0.6161829549666782,0.5079807517100948,0.5188009720357531,-161,161,-103,103,-108,108,1.6229,2.6054,1.9686,2.0324,1.9275,2.0781
1838,Almaty,F,2025-10-13,True,0.6120796697316202,0.57,0.574207966973162,-158,158,-133,133,-135,135,1.6338,2.5778,1.7544,2.3256,1.7415,2.3486
1839,Almaty,SF,2025-10-13,True,0.6134143326858608,0.68,0.6733414332685862,-159,159,-213,213,-206,206,1.6302,2.5867,1.4706,3.125,1.4851,3.0613
2288,Shanghai Masters,R64,2025-10-01,True,0.6161829549666782,0.59,0.5926182954966679,-161,161,-144,144,-145,145,1.6229,2.6054,1.6949,2.439,1.6874,2.4547
2032,Basel,R32,2025-10-20,True,0.6061951112616609,0.73,0.7176195111261661,-154,154,-270,270,-254,254,1.6496,2.5393,1.3699,3.7037,1.3935,3.5413
2286,Shanghai Masters,R16,2025-10-01,True,0.6296609937817956,0.46,0.4769660993781796,-170,170,117,-117,110,-110,1.5882,2.7002,2.1739,1.8519,2.0966,1.9119
2583,Madrid Masters,R64,2025-04-23,True,0.6024808255473751,0.521830436324938,0.5298954752471817,-152,152,-109,109,-113,113,1.6598,2.5156,1.9163,2.0913,1.8872,2.1272
2655,Australian Open,R16,2025-01-13,True,0.6223950761787994,0.6584363363643206,0.6548322103457684,-165,165,-193,193,-190,190,1.6067,2.6483,1.5187,2.9277,1.5271,2.8971
2656,Australian Open,R32,2025-01-13,True,0.6223950761787994,0.6584363363643206,0.6548322103457684,-165,165,-193,193,-190,190,1.6067,2.6483,1.5187,2.9277,1.5271,2.8971
2658,Australian Open,R128,2025-01-13,True,0.6223950761787994,0.6584363363643208,0.6548322103457687,-165,165,-193,193,-190,190,1.6067,2.6483,1.5187,2.9277,1.5271,2.8971
2283,Basel,QF,2025-10-20,True,0.5675800262773865,0.73,0.7137580026277387,-131,131,-270,270,-249,249,1.7619,2.3126,1.3699,3.7037,1.401,3.4935
2284,Basel,R16,2025-10-20,True,0.6309376491255629,0.56,0.5670937649125564,-171,171,-127,127,-131,131,1.5849,2.7096,1.7857,2.2727,1.7634,2.31
2563,Canada Masters,R32,2025-07-27,True,0.658655929669587,0.56,0.5698655929669588,-193,193,-127,127,-132,132,1.5182,2.9296,1.7857,2.2727,1.7548,2.3249
2030,Paris Masters,R32,2025-10-27,True,0.62215393458613,0.34,0.36821539345861304,-165,165,194,-194,172,-172,1.6073,2.6466,2.9412,1.5152,2.7158,1.5828
2031,Paris Masters,R64,2025-10-27,True,0.5836482888642756,0.62,0.6163648288864276,-140,140,-163,163,-161,161,1.7134,2.4018,1.6129,2.6316,1.6224,2.6066
2495,Metz,R16,2025-11-02,True,0.6161829549666782,0.5618304363249379,0.5672656881891119,-161,161,-128,128,-131,131,1.6229,2.6054,1.7799,2.2822,1.7628,2.3109
2493,Metz,SF,2025-11-02,True,0.6064362528543302,0.61151999410855,0.6110116199831279,-154,154,-157,157,-157,157,1.649,2.5409,1.6353,2.5741,1.6366,2.5708
2861,Shanghai Masters,R64,2025-10-01,True,0.569372140972727,0.75,0.7319372140972727,-132,132,-300,300,-273,273,1.7563,2.3222,1.3333,4.0,1.3662,3.7305
944,Laver Cup,RR,2025-09-19,True,0.6274946448846371,0.78,0.7647494644884638,-168,168,-355,355,-325,325,1.5936,2.6845,1.2821,4.5455,1.3076,4.2508
946,Davis Cup WG1 R1: GRE vs BRA,RR,2025-09-13,True,0.6409423745694702,0.8,0.7840942374569471,-179,179,-400,400,-363,363,1.5602,2.7851,1.25,5.0,1.2754,4.6317
1097,Monte Carlo Masters,R64,2025-04-07,True,0.6064362528543302,0.6530944527736132,0.6484286327816849,-154,154,-188,188,-184,184,1.649,2.5409,1.5312,2.8826,1.5422,2.8444
1095,Monte Carlo Masters,R16,2025-04-07,True,0.6024808255473751,0.53,0.5372480825547375,-152,152,-113,113,-116,116,1.6598,2.5156,1.8868,2.1277,1.8613,2.161
1094,Monte Carlo Masters,QF,2025-04-07,True,0.5769242392765032,0.7721189514749162,0.7525994802550748,-136,136,-339,339,-304,304,1.7333,2.3636,1.2951,4.3883,1.3287,4.042
1093,Monte Carlo Masters,SF,2025-04-07,True,0.5730450446456307,0.6230944527736132,0.618089511960815,-134,134,-165,165,-162,162,1.7451,2.3422,1.6049,2.6532,1.6179,2.6184
2395,United Cup,RR,2026-01-02,True,0.6061951112616609,0.41,0.4296195111261661,-154,154,144,-144,133,-133,1.6496,2.5393,2.439,1.6949,2.3276,1.7532
2388,Acapulco,R16,2025-02-24,True,0.6955752853309038,0.6873255256370783,0.6881505016064609,-228,228,-220,220,-221,221,1.4377,3.2849,1.4549,3.1982,1.4532,3.2067
2386,Acapulco,SF,2025-02-24,True,0.7231816023360365,0.69,0.6933181602336036,-261,261,-223,223,-226,226,1.3828,3.6125,1.4493,3.2258,1.4423,3.2607
2397,Davis Cup Finals SF: ITA vs BEL,RR,2025-11-21,True,0.6064362528543302,0.68,0.6726436252854331,-154,154,-213,213,-205,205,1.649,2.5409,1.4706,3.125,1.4867,3.0548
2585,Monte Carlo Masters,R16,2025-04-07,True,0.6368035835898274,0.71,0.7026803583589828,-175,175,-245,245,-236,236,1.5703,2.7533,1.4085,3.4483,1.4231,3.3634
1947,Indian Wells Masters,R64,2025-03-05,True,0.6296609937817956,0.69,0.6839660993781795,-170,170,-223,223,-216,216,1.5882,2.7002,1.4493,3.2258,1.4621,3.1642
2855,United Cup,RR,2026-01-02,True,0.594928727243599,0.46882884803199437,0.48143883595315484,-147,147,113,-113,108,-108,1.6809,2.4687,2.133,1.8826,2.0771,1.9284
2858,Paris Masters,R64,2025-10-27,True,0.6296609937817956,0.61,0.6119660993781796,-170,170,-156,156,-158,158,1.5882,2.7002,1.6393,2.5641,1.6341,2.5771
2856,United Cup,RR,2026-01-02,True,0.6061951112616609,0.38,0.4026195111261661,-154,154,163,-163,148,-148,1.6496,2.5393,2.6316,1.6129,2.4837,1.674
2527,Madrid Masters,R64,2025-04-23,True,0.5459881777088627,0.75,0.7295988177708863,-120,120,-300,300,-270,270,1.8315,2.2026,1.3333,4.0,1.3706,3.6982
1944,Indian Wells Masters,QF,2025-03-05,True,0.6584179539603915,0.65,0.6508417953960393,-193,193,-186,186,-186,186,1.5188,2.9276,1.5385,2.8571,1.5365,2.864
2867,Cincinnati Masters,R64,2025-08-07,True,0.6224417723575957,0.68,0.6742441772357597,-165,165,-213,213,-207,207,1.6066,2.6486,1.4706,3.125,1.4831,3.0698
2798,Beijing,R32,2025-09-25,True,0.6409423745694702,0.6030944527736132,0.6068792449531989,-179,179,-152,152,-154,154,1.5602,2.7851,1.6581,2.5195,1.6478,2.5437
1955,Rotterdam,R16,2025-02-03,True,0.6935470103329527,0.5881755525627823,0.5987126983397995,-226,226,-143,143,-149,149,1.4419,3.2631,1.7002,2.4282,1.6703,2.492
2398,Davis Cup Finals QF: FRA vs BEL,RR,2025-11-18,True,0.6061951112616609,0.64,0.6366195111261661,-154,154,-178,178,-175,175,1.6496,2.5393,1.5625,2.7778,1.5708,2.7519
2587,Monte Carlo Masters,R64,2025-04-07,True,0.6897984351823259,0.62,0.6269798435182327,-222,222,-163,163,-168,168,1.4497,3.2237,1.6129,2.6316,1.5949,2.6808
2505,Beijing,R32,2025-09-25,True,0.569372140972727,0.6,0.5969372140972727,-132,132,-150,150,-148,148,1.7563,2.3222,1.6667,2.5,1.6752,2.481
2055,Queen's Club,R16,2025-06-16,True,0.6897984351823259,0.62,0.6269798435182327,-222,222,-163,163,-168,168,1.4497,3.2237,1.6129,2.6316,1.5949,2.6808
2525,Roland Garros,R128,2025-05-26,True,0.5800231244771613,0.41,0.42700231244771614,-138,138,144,-144,134,-134,1.7241,2.3811,2.439,1.6949,2.3419,1.7452
2292,US Open,R16,2025-08-25,True,0.6793884735930046,0.66,0.6619388473593005,-212,212,-194,194,-196,196,1.4719,3.119,1.5152,2.9412,1.5107,2.958
2402,Shanghai Masters,QF,2025-10-01,True,0.6368035835898274,0.49,0.5046803583589827,-175,175,104,-104,-102,102,1.5703,2.7533,2.0408,1.9608,1.9815,2.0189
2403,Shanghai Masters,R16,2025-10-01,True,0.6161829549666782,0.7,0.6916182954966679,-161,161,-233,233,-224,224,1.6229,2.6054,1.4286,3.3333,1.4459,3.2427
1852,Cincinnati Masters,R64,2025-08-07,True,0.6372821025460077,0.5809152623138855,0.5865519463370976,-176,176,-139,139,-142,142,1.5692,2.757,1.7214,2.3862,1.7049,2.4187
2404,Shanghai Masters,R32,2025-10-01,True,0.6296609937817956,0.65,0.6479660993781796,-170,170,-186,186,-184,184,1.5882,2.7002,1.5385,2.8571,1.5433,2.8406
2405,Shanghai Masters,R64,2025-10-01,True,0.6004966496002795,0.47,0.48304966496002794,-150,150,113,-113,107,-107,1.6653,2.5031,2.1277,1.8868,2.0702,1.9344
2294,US Open,R64,2025-08-25,True,0.5876166048223195,0.5847263567666591,0.5850153815722251,-142,142,-141,141,-141,141,1.7018,2.4249,1.7102,2.4081,1.7094,2.4097
2500,Basel,R32,2025-10-20,True,0.6379615445715767,0.57,0.5767961544571577,-176,176,-133,133,-136,136,1.5675,2.7621,1.7544,2.3256,1.7337,2.3629
721,Halle,SF,2025-06-16,True,0.6024808255473751,0.89,0.8612480825547375,-152,152,-809,809,-621,621,1.6598,2.5156,1.1236,9.0909,1.1611,7.2071
720,Halle,F,2025-06-16,True,0.5781470854619573,0.4930944527736132,0.5015997160424476,-137,137,103,-103,-101,101,1.7297,2.3705,2.028,1.9728,1.9936,2.0064
2926,ATP Hong Kong,QF,,False,0.5839023191080337,0.48,0.4903902319108034,-140,140,108,-108,104,-104,1.7126,2.4033,2.0833,1.9231,2.0392,1.9623
947,US Open,R64,2025-08-25,True,0.6590736537470978,0.66,0.6599073653747098,-193,193,-194,194,-194,194,1.5173,2.9332,1.5152,2.9412,1.5154,2.9404
2407,Tokyo,R16,2025-09-24,True,0.6266512299083089,0.62,0.620665122990831,-168,168,-163,163,-164,164,1.5958,2.6785,1.6129,2.6316,1.6112,2.6362
722,Halle,QF,2025-06-16,True,0.6296609937817956,0.62,0.6209660993781796,-170,170,-163,163,-164,164,1.5882,2.7002,1.6129,2.6316,1.6104,2.6383
723,Halle,R16,2025-06-16,True,0.569372140972727,0.47,0.4799372140972727,-132,132,113,-113,108,-108,1.7563,2.3222,2.1277,1.8868,2.0836,1.9228
2760,Roland Garros,R128,2025-05-26,True,0.7284483602019736,0.8118304363249379,0.8034922287126415,-268,268,-431,431,-409,409,1.3728,3.6825,1.2318,5.3144,1.2446,5.0889
1618,Bucharest,F,2025-03-31,True,0.6134143326858608,0.74,0.7273414332685861,-159,159,-285,285,-267,267,1.6302,2.5867,1.3514,3.8462,1.3749,3.6676
2497,Paris Masters,R16,2025-10-27,True,0.5986016309165028,0.3,0.3298601630916503,-149,149,233,-233,203,-203,1.6706,2.4913,3.3333,1.4286,3.0316,1.4922
2498,Paris Masters,R32,2025-10-27,True,0.5986016309165028,0.52,0.5278601630916503,-149,149,-108,108,-112,112,1.6706,2.4913,1.9231,2.0833,1.8944,2.118
2761,Hamburg,QF,2025-05-18,True,0.6409423745694702,0.8,0.7840942374569471,-179,179,-400,400,-363,363,1.5602,2.7851,1.25,5.0,1.2754,4.6317
2796,Shanghai Masters,R64,2025-10-01,True,0.5675800262773865,0.49,0.49775800262773867,-131,131,104,-104,101,-101,1.7619,2.3126,2.0408,1.9608,2.009,1.9911
2549,Paris Masters,R64,2025-10-27,True,0.6935470103329527,0.68,0.6813547010332954,-226,226,-213,213,-214,214,1.4419,3.2631,1.4706,3.125,1.4677,3.1383
2662,Metz,R32,2025-11-02,True,0.6409423745694702,0.74,0.730094237456947,-179,179,-285,285,-270,270,1.5602,2.7851,1.3514,3.8462,1.3697,3.705
2765,Rome Masters,R64,2025-05-07,True,0.5986016309165028,0.5,0.5098601630916503,-149,149,-100,-100,-104,104,1.6706,2.4913,2.0,2.0,1.9613,2.0402
2768,Madrid Masters,R64,2025-04-23,True,0.6803109177763182,0.81,0.7970310917776319,-213,213,-426,426,-393,393,1.4699,3.128,1.2346,5.2632,1.2547,4.9269
1273,Brisbane,R16,2026-01-04,True,0.5876166048223195,0.65,0.643761660482232,-142,142,-186,186,-181,181,1.7018,2.4249,1.5385,2.8571,1.5534,2.8071
1274,Brisbane,R32,2026-01-04,True,0.6161829549666782,0.37801311362263823,0.4018300977570422,-161,161,165,-165,149,-149,1.6229,2.6054,2.6454,1.6078,2.4886,1.6718
2660,Metz,QF,2025-11-02,True,0.6379615445715767,0.6257343952583811,0.6269571101897008,-176,176,-167,167,-168,168,1.5675,2.7621,1.5981,2.6719,1.595,2.6807
938,Basel,F,2025-10-20,True,0.7081914323080117,0.58,0.5928191432308012,-243,243,-138,138,-146,146,1.412,3.4269,1.7241,2.381,1.6869,2.4559
939,Basel,SF,2025-10-20,True,0.7016100733960158,0.61,0.6191610073396017,-235,235,-156,156,-163,163,1.4253,3.3513,1.6393,2.5641,1.6151,2.6258
940,Basel,QF,2025-10-20,True,0.6397844135877208,0.66,0.6579784413587721,-178,178,-194,194,-192,192,1.563,2.7761,1.5152,2.9412,1.5198,2.9238
941,Basel,R16,2025-10-20,True,0.6793884735930046,0.7,0.6979388473593005,-212,212,-233,233,-231,231,1.4719,3.119,1.4286,3.3333,1.4328,3.3106
2411,Davis Cup QLS R2: AUS vs BEL,RR,2025-09-13,True,0.6061951112616609,0.35,0.3756195111261661,-154,154,186,-186,166,-166,1.6496,2.5393,2.8571,1.5385,2.6623,1.6016
2297,Winston-Salem,R16,2025-08-17,True,0.6368035835898274,0.65,0.6486803583589829,-175,175,-186,186,-185,185,1.5703,2.7533,1.5385,2.8571,1.5416,2.8464
1854,Canada Masters,R64,2025-07-27,True,0.6223950761787994,0.65,0.6472395076178801,-165,165,-186,186,-183,183,1.6067,2.6483,1.5385,2.8571,1.545,2.8348
2913,ATP Brisbane,QF,,False,0.6758483958589185,0.68,0.679584839585892,-208,208,-213,213,-212,212,1.4796,3.085,1.4706,3.125,1.4715,3.121
2522,Halle,R16,2025-06-16,True,0.5988079218744715,0.65,0.6448807921874472,-149,149,-186,186,-182,182,1.67,2.4926,1.5385,2.8571,1.5507,2.816
2770,Munich,QF,2025-04-14,True,0.6993238604815307,0.68,0.6819323860481532,-233,233,-213,213,-214,214,1.43,3.3258,1.4706,3.125,1.4664,3.144
2801,Cincinnati Masters,R64,2025-08-07,True,0.5675800262773865,0.63,0.6237580026277387,-131,131,-170,170,-166,166,1.7619,2.3126,1.5873,2.7027,1.6032,2.6579
2516,Wimbledon,R16,2025-06-30,True,0.5848062498460251,0.59,0.5894806249846025,-141,141,-144,144,-144,144,1.71,2.4085,1.6949,2.439,1.6964,2.4359
1562,Rotterdam,R16,2025-02-03,True,0.6308189547635452,0.51,0.5220818954763545,-171,171,-104,104,-109,109,1.5852,2.7087,1.9608,2.0408,1.9154,2.0924
1949,Dubai,SF,2025-02-24,True,0.569372140972727,0.5518304363249379,0.5535846067897168,-132,132,-123,123,-124,124,1.7563,2.3222,1.8122,2.2313,1.8064,2.2401
1950,Dubai,QF,2025-02-24,True,0.5578121440169402,0.66,0.6497812144016941,-126,126,-194,194,-186,186,1.7927,2.2615,1.5152,2.9412,1.539,2.8554
1951,Dubai,R16,2025-02-24,True,0.5986016309165028,0.3430944527736132,0.3686451705879022,-149,149,191,-191,171,-171,1.6706,2.4913,2.9146,1.5223,2.7126,1.5839
2453,Paris Masters,R64,2025-10-27,True,0.6094589053789057,0.78,0.7629458905378906,-156,156,-355,355,-322,322,1.6408,2.5606,1.2821,4.5455,1.3107,4.2184
2517,Wimbledon,R32,2025-06-30,True,0.6196731500767784,0.57,0.5749673150076778,-163,163,-133,133,-135,135,1.6138,2.6293,1.7544,2.3256,1.7392,2.3528
2501,Stockholm,QF,2025-10-13,True,0.5769242392765032,0.69,0.6786924239276503,-136,136,-223,223,-211,211,1.7333,2.3636,1.4493,3.2258,1.4734,3.1123
2550,Vienna,R32,2025-10-20,True,0.5675800262773865,0.62,0.6147580026277387,-131,131,-163,163,-160,160,1.7619,2.3126,1.6129,2.6316,1.6267,2.5958
2546,Athens,QF,2025-11-02,True,0.6417101197222037,0.5,0.5141710119722204,-179,179,-100,-100,-106,106,1.5583,2.791,2.0,2.0,1.9449,2.0583
2520,Eastbourne,R16,2025-06-23,True,0.569372140972727,0.61,0.6059372140972727,-132,132,-156,156,-154,154,1.7563,2.3222,1.6393,2.5641,1.6503,2.5377
1101,Acapulco,F,2025-02-24,True,0.6885002188891025,0.7,0.6988500218889102,-221,221,-233,233,-232,232,1.4524,3.2103,1.4286,3.3333,1.4309,3.3206
1565,Australian Open,R64,2025-01-13,True,0.6223950761787994,0.6584363363643208,0.6548322103457687,-165,165,-193,193,-190,190,1.6067,2.6483,1.5187,2.9277,1.5271,2.8971
1104,Acapulco,R16,2025-02-24,True,0.6803109177763182,0.93,0.9050310917776319,-213,213,-1329,1329,-953,953,1.4699,3.128,1.0753,14.2857,1.1049,10.5298
1102,Acapulco,SF,2025-02-24,True,0.6885002188891025,0.93,0.9058500218889103,-221,221,-1329,1329,-962,962,1.4524,3.2103,1.0753,14.2857,1.1039,10.6214
755,Doha,R32,2025-02-17,True,0.6013520959034254,0.37,0.39313520959034254,-151,151,170,-170,154,-154,1.6629,2.5085,2.7027,1.5873,2.5437,1.6478
2413,US Open,R64,2025-08-25,True,0.6266512299083089,0.5,0.5126651229908309,-168,168,-100,-100,-105,105,1.5958,2.6785,2.0,2.0,1.9506,2.052
2791,Brisbane,R32,2026-01-04,True,0.5769242392765032,0.53,0.5346924239276504,-136,136,-113,113,-115,115,1.7333,2.3636,1.8868,2.1277,1.8702,2.1491
2412,US Open,R32,2025-08-25,True,0.6024808255473751,0.49472635676665905,0.5055018036447307,-152,152,102,-102,-102,102,1.6598,2.5156,2.0213,1.9791,1.9782,2.0223
756,Marseille,R16,2025-02-10,True,0.6414545320125269,0.254726356766659,0.2933991742912458,-179,179,293,-293,241,-241,1.559,2.789,3.9258,1.3418,3.4083,1.4152
2422,Halle,R32,2025-06-16,True,0.6619128942020833,0.737582659808964,0.7300156832482759,-196,196,-281,281,-270,270,1.5108,2.9578,1.3558,3.8107,1.3698,3.7039
2668,Shanghai Masters,R64,2025-10-01,True,0.5931366125482584,0.3557343952583812,0.3794746169873689,-146,146,181,-181,164,-164,1.686,2.4578,2.8111,1.5522,2.6352,1.6115
2792,Paris Masters,R32,2025-10-27,True,0.569372140972727,0.58,0.5789372140972727,-132,132,-138,138,-137,137,1.7563,2.3222,1.7241,2.381,1.7273,2.3749
758,Rotterdam,R32,2025-02-03,True,0.6296609937817956,0.64,0.6389660993781796,-170,170,-178,178,-177,177,1.5882,2.7002,1.5625,2.7778,1.565,2.7698
2430,Madrid Masters,R128,2025-04-23,True,0.6161829549666782,0.7,0.6916182954966679,-161,161,-233,233,-224,224,1.6229,2.6054,1.4286,3.3333,1.4459,3.2427
2671,Tokyo,R32,2025-09-24,True,0.6372821025460077,0.44,0.4597282102546008,-176,176,127,-127,118,-118,1.5692,2.757,2.2727,1.7857,2.1752,1.8509
2301,Washington,R32,2025-07-21,True,0.6064362528543302,0.47,0.48364362528543303,-154,154,113,-113,107,-107,1.649,2.5409,2.1277,1.8868,2.0676,1.9366
2663,Paris Masters,R16,2025-10-27,True,0.565271209794673,0.75,0.7315271209794674,-130,130,-300,300,-272,272,1.7691,2.3003,1.3333,4.0,1.367,3.7248
2664,Paris Masters,R32,2025-10-27,True,0.5675800262773865,0.69,0.6777580026277387,-131,131,-223,223,-210,210,1.7619,2.3126,1.4493,3.2258,1.4755,3.1033
852,US Open,R128,2025-08-25,True,0.5986016309165028,0.54,0.5458601630916503,-149,149,-117,117,-120,120,1.6706,2.4913,1.8519,2.1739,1.832,2.202
2436,Miami Masters,R64,2025-03-19,True,0.6064362528543302,0.59,0.591643625285433,-154,154,-144,144,-145,145,1.649,2.5409,1.6949,2.439,1.6902,2.4488
2300,Canada Masters,R64,2025-07-27,True,0.6061951112616609,0.5240197351337315,0.5322372727465244,-154,154,-110,110,-114,114,1.6496,2.5393,1.9083,2.1009,1.8789,2.1378
2437,Miami Masters,R128,2025-03-19,True,0.6226829139502651,0.76,0.7462682913950266,-165,165,-317,317,-294,294,1.606,2.6503,1.3158,4.1667,1.34,3.9412
2804,Umag,SF,2025-07-20,True,0.6061951112616609,0.71,0.699619511126166,-154,154,-245,245,-233,233,1.6496,2.5393,1.4085,3.4483,1.4293,3.3291
2551,Shanghai Masters,R16,2025-10-01,True,0.569372140972727,0.49,0.4979372140972727,-132,132,104,-104,101,-101,1.7563,2.3222,2.0408,1.9608,2.0083,1.9918
754,Dubai,R32,2025-02-24,True,0.594928727243599,0.5650177535792208,0.5680088509456586,-147,147,-130,130,-131,131,1.6809,2.4687,1.7699,2.2989,1.7605,2.3149
2555,Tokyo,R16,2025-09-24,True,0.5986016309165028,0.68,0.6718601630916504,-149,149,-213,213,-205,205,1.6706,2.4913,1.4706,3.125,1.4884,3.0475
2666,Vienna,R32,2025-10-20,True,0.5730450446456307,0.62,0.6153045044645631,-134,134,-163,163,-160,160,1.7451,2.3422,1.6129,2.6316,1.6252,2.5995
848,Beijing,R32,2025-09-25,True,0.6161829549666782,0.55,0.5566182954966679,-161,161,-122,122,-126,126,1.6229,2.6054,1.8182,2.2222,1.7966,2.2554
847,Beijing,R16,2025-09-25,True,0.6204404403083388,0.65,0.6470440440308339,-163,163,-186,186,-183,183,1.6118,2.6346,1.5385,2.8571,1.5455,2.8332
846,Beijing,QF,2025-09-25,True,0.6007273247657892,0.47,0.4830727324765789,-150,150,113,-113,107,-107,1.6646,2.5046,2.1277,1.8868,2.0701,1.9345
845,Beijing,SF,2025-09-25,True,0.639872716714885,0.55,0.5589872716714885,-178,178,-122,122,-127,127,1.5628,2.7768,1.8182,2.2222,1.7889,2.2675
844,Beijing,F,2025-09-25,True,0.6266512299083089,0.63,0.629665122990831,-168,168,-170,170,-170,170,1.5958,2.6785,1.5873,2.7027,1.5881,2.7003
950,Cincinnati Masters,R64,2025-08-07,True,0.6486067163337872,0.84,0.8208606716333787,-185,185,-525,525,-458,458,1.5418,2.8458,1.1905,6.25,1.2182,5.5822
2816,Hamburg,R32,2025-05-18,True,0.6630990242493289,0.73,0.7233099024249329,-197,197,-270,270,-261,261,1.5081,2.9682,1.3699,3.7037,1.3825,3.6142
1275,Athens,SF,2025-11-02,True,0.6061951112616609,0.48,0.4926195111261661,-154,154,108,-108,103,-103,1.6496,2.5393,2.0833,1.9231,2.03,1.9709
1278,Athens,R32,2025-11-02,True,0.6944313134491765,0.66,0.6634431313449177,-227,227,-194,194,-197,197,1.44,3.2726,1.5152,2.9412,1.5073,2.9713
2685,Halle,R32,2025-06-16,True,0.5730450446456307,0.52,0.5253045044645631,-134,134,-108,108,-111,111,1.7451,2.3422,1.9231,2.0833,1.9037,2.1066
2438,Indian Wells Masters,R64,2025-03-05,True,0.6061951112616609,0.5012221078479899,0.511719408189357,-154,154,-100,100,-105,105,1.6496,2.5393,1.9951,2.0049,1.9542,2.048
1548,Miami Masters,F,2025-03-19,True,0.6935470103329527,0.58,0.5913547010332953,-226,226,-138,138,-145,145,1.4419,3.2631,1.7241,2.381,1.691,2.4471
1549,Miami Masters,SF,2025-03-19,True,0.6439967872557731,0.72,0.7123996787255773,-181,181,-257,257,-248,248,1.5528,2.809,1.3889,3.5714,1.4037,3.477
1550,Miami Masters,QF,2025-03-19,True,0.6842272626725896,0.49,0.5094227262672589,-217,217,104,-104,-104,104,1.4615,3.1668,2.0408,1.9608,1.963,2.0384
1551,Miami Masters,R16,2025-03-19,True,0.6668328789612008,0.75,0.7416832878961201,-200,200,-300,300,-287,287,1.4996,3.0015,1.3333,4.0,1.3483,3.8712
1553,Miami Masters,R64,2025-03-19,True,0.6296609937817956,0.71,0.7019660993781796,-170,170,-245,245,-236,236,1.5882,2.7002,1.4085,3.4483,1.4246,3.3553
1561,Acapulco,R32,2025-02-24,True,0.6409423745694702,0.74,0.730094237456947,-179,179,-285,285,-270,270,1.5602,2.7851,1.3514,3.8462,1.3697,3.705
1279,Paris Masters,R64,2025-10-27,True,0.629537665986831,0.5463841385907315,0.5546994913303415,-170,170,-120,120,-125,125,1.5885,2.6993,1.8302,2.2045,1.8028,2.2457
1968,Shanghai Masters,SF,2025-10-01,True,0.5986016309165028,0.55,0.5548601630916503,-149,149,-122,122,-125,125,1.6706,2.4913,1.8182,2.2222,1.8023,2.2465
1969,Shanghai Masters,QF,2025-10-01,True,0.6267848937287837,0.631830436324938,0.6313258820653225,-168,168,-172,172,-171,171,1.5954,2.6794,1.5827,2.7161,1.584,2.7124
1970,Shanghai Masters,R16,2025-10-01,True,0.7226715100533956,0.4404607520250402,0.4686818278278757,-261,261,127,-127,113,-113,1.3838,3.6058,2.2703,1.7872,2.1336,1.8821
1971,Shanghai Masters,R32,2025-10-01,True,0.6372821025460077,0.66,0.6577282102546008,-176,176,-194,194,-192,192,1.5692,2.757,1.5152,2.9412,1.5204,2.9217
1972,Shanghai Masters,R64,2025-10-01,True,0.6803109177763182,0.65,0.6530310917776319,-213,213,-186,186,-188,188,1.4699,3.128,1.5385,2.8571,1.5313,2.8821
1974,Beijing,R16,2025-09-25,True,0.569372140972727,0.6,0.5969372140972727,-132,132,-150,150,-148,148,1.7563,2.3222,1.6667,2.5,1.6752,2.481
2062,Roland Garros,R64,2025-05-26,True,0.6161829549666782,0.654726356766659,0.650872016586661,-161,161,-190,190,-186,186,1.6229,2.6054,1.5274,2.8963,1.5364,2.8643
2063,Roland Garros,R128,2025-05-26,True,0.6296609937817956,0.58,0.5849660993781796,-170,170,-138,138,-141,141,1.5882,2.7002,1.7241,2.381,1.7095,2.4094
2131,Dallas,F,2025-02-03,True,0.6296609937817956,0.61,0.6119660993781796,-170,170,-156,156,-158,158,1.5882,2.7002,1.6393,2.5641,1.6341,2.5771
2132,Dallas,SF,2025-02-03,True,0.612407232473782,0.37,0.39424072324737824,-158,158,170,-170,154,-154,1.6329,2.58,2.7027,1.5873,2.5365,1.6508
2133,Dallas,QF,2025-02-03,True,0.6322867609266958,0.63,0.6302286760926696,-172,172,-170,170,-170,170,1.5816,2.7195,1.5873,2.7027,1.5867,2.7044
2134,Dallas,R16,2025-02-03,True,0.6296609937817956,0.77,0.7559660993781796,-170,170,-335,335,-310,310,1.5882,2.7002,1.2987,4.3478,1.3228,4.0978
2306,Mallorca,R32,2025-06-22,True,0.5641612228585831,0.5,0.5064161222858583,-129,129,-100,-100,-103,103,1.7725,2.2944,2.0,2.0,1.9747,2.026
2416,Cincinnati Masters,R64,2025-08-07,True,0.6296609937817956,0.55,0.5579660993781796,-170,170,-122,122,-126,126,1.5882,2.7002,1.8182,2.2222,1.7922,2.2623
2228,Basel,R16,2025-10-20,True,0.6061951112616609,0.49602594120186866,0.5070428582078479,-154,154,102,-102,-103,103,1.6496,2.5393,2.016,1.9842,1.9722,2.0286
2058,s Hertogenbosch,SF,2025-06-09,True,0.6409423745694702,0.6272889935256033,0.62865433162999,-179,179,-168,168,-169,169,1.5602,2.7851,1.5942,2.683,1.5907,2.6929
2059,s Hertogenbosch,QF,2025-06-09,True,0.5878577464149888,0.65,0.643785774641499,-143,143,-186,186,-181,181,1.7011,2.4263,1.5385,2.8571,1.5533,2.8073
2539,Australian Open,QF,2025-01-13,True,0.6223950761787994,0.6584363363643208,0.6548322103457687,-165,165,-193,193,-190,190,1.6067,2.6483,1.5187,2.9277,1.5271,2.8971
2751,Bastad,QF,2025-07-14,True,0.6803109177763182,0.69,0.6890310917776318,-213,213,-223,223,-222,222,1.4699,3.128,1.4493,3.2258,1.4513,3.2158
853,Cincinnati Masters,R64,2025-08-07,True,0.6226829139502651,0.27,0.30526829139502654,-165,165,270,-270,228,-228,1.606,2.6503,3.7037,1.3699,3.2758,1.4394
2750,Bastad,SF,2025-07-14,True,0.5878577464149888,0.5418304363249379,0.546433167333943,-143,143,-118,118,-120,120,1.7011,2.4263,1.8456,2.1826,1.83,2.2047
2305,Wimbledon,R128,2025-06-30,True,0.6208311110585278,0.33,0.35908311110585284,-164,164,203,-203,178,-178,1.6107,2.6373,3.0303,1.4925,2.7849,1.5603
1282,Basel,R32,2025-10-20,True,0.6161829549666782,0.634726356766659,0.632872016586661,-161,161,-174,174,-172,172,1.6229,2.6054,1.5755,2.7377,1.5801,2.7238
2136,Australian Open,R64,2025-01-13,True,0.6223950761787994,0.6584363363643208,0.6548322103457687,-165,165,-193,193,-190,190,1.6067,2.6483,1.5187,2.9277,1.5271,2.8971
2672,US Open,R32,2025-08-25,True,0.5876166048223195,0.61,0.607761660482232,-142,142,-156,156,-155,155,1.7018,2.4249,1.6393,2.5641,1.6454,2.5495
2673,US Open,R64,2025-08-25,True,0.6296609937817956,0.75,0.7379660993781796,-170,170,-300,300,-282,282,1.5882,2.7002,1.3333,4.0,1.3551,3.8163
2758,Halle,R32,2025-06-16,True,0.6308189547635452,0.5818304363249379,0.5867292881687987,-171,171,-139,139,-142,142,1.5852,2.7087,1.7187,2.3914,1.7044,2.4197
2323,Miami Masters,R64,2025-03-19,True,0.5407772595947187,0.77,0.747077725959472,-118,118,-335,335,-295,295,1.8492,2.1776,1.2987,4.3478,1.3385,3.9538
957,Eastbourne,R32,2025-06-23,True,0.6061951112616609,0.82,0.798619511126166,-154,154,-456,456,-397,397,1.6496,2.5393,1.2195,5.5556,1.2522,4.9657
956,Eastbourne,R16,2025-06-23,True,0.6061951112616609,0.62,0.6186195111261661,-154,154,-163,163,-162,162,1.6496,2.5393,1.6129,2.6316,1.6165,2.6221
2310,Roland Garros,R128,2025-05-26,True,0.569372140972727,0.78,0.7589372140972728,-132,132,-355,355,-315,315,1.7563,2.3222,1.2821,4.5455,1.3176,4.1483
2309,Roland Garros,R64,2025-05-26,True,0.6303404358073649,0.7,0.6930340435807365,-171,171,-233,233,-226,226,1.5864,2.7052,1.4286,3.3333,1.4429,3.2577
1559,Indian Wells Masters,R64,2025-03-05,True,0.6161829549666782,0.6049248890985511,0.6060506956853638,-161,161,-153,153,-154,154,1.6229,2.6054,1.6531,2.5312,1.65,2.5384
2682,Wimbledon,R128,2025-06-30,True,0.6024808255473751,0.56,0.5642480825547376,-152,152,-127,127,-129,129,1.6598,2.5156,1.7857,2.2727,1.7723,2.2949
2230,Shanghai Masters,R64,2025-10-01,True,0.6810050802406423,0.81,0.7971005080240643,-213,213,-426,426,-393,393,1.4684,3.1348,1.2346,5.2632,1.2545,4.9285
2319,Barcelona,R32,2025-04-14,True,0.5730450446456307,0.58,0.579304504464563,-134,134,-138,138,-138,138,1.7451,2.3422,1.7241,2.381,1.7262,2.377
2318,Barcelona,R16,2025-04-14,True,0.6402629325439011,0.61,0.6130262932543902,-178,178,-156,156,-158,158,1.5619,2.7798,1.6393,2.5641,1.6313,2.5842
2773,Marrakech,F,2025-03-31,True,0.7703027582328419,0.73,0.7340302758232842,-335,335,-270,270,-276,276,1.2982,4.3536,1.3699,3.7037,1.3623,3.7598
958,Halle,R32,2025-06-16,True,0.6803109177763182,0.46,0.48203109177763187,-213,213,117,-117,107,-107,1.4699,3.128,2.1739,1.8519,2.0746,1.9306
2904,ATP Brisbane,QF,,False,0.5407772595947187,0.6719233008056077,0.6588086966845188,-118,118,-205,205,-193,193,1.8492,2.1776,1.4883,3.0481,1.5179,2.9309
2442,Doha,R16,2025-02-17,True,0.6061951112616609,0.61,0.6096195111261662,-154,154,-156,156,-156,156,1.6496,2.5393,1.6393,2.5641,1.6404,2.5616
1856,Washington,SF,2025-07-21,True,0.6061951112616609,0.42,0.4386195111261661,-154,154,138,-138,128,-128,1.6496,2.5393,2.381,1.7241,2.2799,1.7813
1857,Washington,QF,2025-07-21,True,0.6061951112616609,0.51,0.5196195111261661,-154,154,-104,104,-108,108,1.6496,2.5393,1.9608,2.0408,1.9245,2.0817
2789,Buenos Aires,R32,2025-02-10,True,0.5986016309165028,0.8130944527736133,0.7916451705879023,-149,149,-435,435,-380,380,1.6706,2.4913,1.2299,5.3503,1.2632,4.7995
2912,ATP Brisbane,QF,,False,0.49825748144460225,0.7453946868090529,0.7206809662726079,101,-101,-293,293,-258,258,2.007,1.9931,1.3416,3.9276,1.3876,3.5801
2307,Queen's Club,R16,2025-06-16,True,0.6061951112616609,0.41,0.4296195111261661,-154,154,144,-144,133,-133,1.6496,2.5393,2.439,1.6949,2.3276,1.7532
967,Miami Masters,R64,2025-03-19,True,0.6919658038808632,0.86,0.8431965803880863,-225,225,-614,614,-538,538,1.4452,3.2464,1.1628,7.1429,1.186,6.3774
1285,Stockholm,R32,2025-10-13,True,0.6296609937817956,0.61,0.6119660993781796,-170,170,-156,156,-158,158,1.5882,2.7002,1.6393,2.5641,1.6341,2.5771
1283,Stockholm,QF,2025-10-13,True,0.5730450446456307,0.52,0.5253045044645631,-134,134,-108,108,-111,111,1.7451,2.3422,1.9231,2.0833,1.9037,2.1066
2821,Rome Masters,R64,2025-05-07,True,0.5986016309165028,0.48,0.49186016309165026,-149,149,108,-108,103,-103,1.6706,2.4913,2.0833,1.9231,2.0331,1.968
1108,Delray Beach,QF,2025-02-10,True,0.594928727243599,0.48,0.49149287272435993,-147,147,108,-108,103,-103,1.6809,2.4687,2.0833,1.9231,2.0346,1.9665
966,Miami Masters,R32,2025-03-19,True,0.7080270880783366,0.7778189222464249,0.7708397388296161,-242,242,-350,350,-336,336,1.4124,3.425,1.2856,4.5008,1.2973,4.3638
2024,Dallas,R32,2025-02-03,True,0.6379615445715767,0.6700059888877202,0.666801544456106,-176,176,-203,203,-200,200,1.5675,2.7621,1.4925,3.0304,1.4997,3.0012
1757,Delray Beach,QF,2025-02-10,True,0.65338917180365,0.68,0.6773389171803651,-189,189,-213,213,-210,210,1.5305,2.8851,1.4706,3.125,1.4764,3.0992
1729,Queen's Club,R32,2025-06-16,True,0.5806385249907888,0.43,0.44506385249907887,-138,138,133,-133,125,-125,1.7222,2.3846,2.3256,1.7544,2.2469,1.802
1726,Wimbledon,R64,2025-06-30,True,0.6379615445715767,0.74,0.7297961544571577,-176,176,-285,285,-270,270,1.5675,2.7621,1.3514,3.8462,1.3702,3.7009
1723,Wimbledon,QF,2025-06-30,True,0.6025222075887572,0.72,0.7082522207588757,-152,152,-257,257,-243,243,1.6597,2.5159,1.3889,3.5714,1.4119,3.4276
2787,Rio de Janeiro,R16,2025-02-17,True,0.5179180022702662,0.81,0.7807918002270267,-107,107,-426,426,-356,356,1.9308,2.0743,1.2346,5.2632,1.2808,4.5619
857,Canada Masters,R64,2025-07-27,True,0.6161829549666782,0.71,0.7006182954966679,-161,161,-245,245,-234,234,1.6229,2.6054,1.4085,3.4483,1.4273,3.3402
2027,Australian Open,R128,2025-01-13,True,0.6223950761787994,0.6584363363643208,0.6548322103457687,-165,165,-193,193,-190,190,1.6067,2.6483,1.5187,2.9277,1.5271,2.8971
2021,Acapulco,R32,2025-02-24,True,0.6409423745694702,0.598059374786433,0.6023476747647367,-179,179,-149,149,-151,151,1.5602,2.7851,1.6721,2.4879,1.6602,2.5148
725,Roland Garros,QF,2025-05-26,True,0.7017365316330645,0.57,0.5831736531633065,-235,235,-133,133,-140,140,1.425,3.3527,1.7544,2.3256,1.7148,2.3991
726,Roland Garros,R16,2025-05-26,True,0.7226715100533956,0.82,0.8102671510053395,-261,261,-456,456,-427,427,1.3838,3.6058,1.2195,5.5556,1.2342,5.2706
2446,Marseille,R16,2025-02-10,True,0.6061951112616609,0.68,0.6726195111261661,-154,154,-213,213,-205,205,1.6496,2.5393,1.4706,3.125,1.4867,3.0545
728,Roland Garros,R64,2025-05-26,True,0.7226715100533956,0.6,0.6122671510053396,-261,261,-150,150,-158,158,1.3838,3.6058,1.6667,2.5,1.6333,2.5791
2332,Australian Open,R128,2025-01-13,True,0.6223950761787994,0.6584363363643208,0.6548322103457687,-165,165,-193,193,-190,190,1.6067,2.6483,1.5187,2.9277,1.5271,2.8971
2444,Marseille,SF,2025-02-10,True,0.6296609937817956,0.61,0.6119660993781796,-170,170,-156,156,-158,158,1.5882,2.7002,1.6393,2.5641,1.6341,2.5771
2426,s Hertogenbosch,R16,2025-06-09,True,0.569372140972727,0.58,0.5789372140972727,-132,132,-138,138,-137,137,1.7563,2.3222,1.7241,2.381,1.7273,2.3749
2423,s Hertogenbosch,F,2025-06-09,True,0.5730450446456307,0.5,0.5073045044645631,-134,134,-100,-100,-103,103,1.7451,2.3422,2.0,2.0,1.9712,2.0297
1761,Dallas,R32,2025-02-03,True,0.6296609937817956,0.92,0.8909660993781796,-170,170,-1150,1150,-817,817,1.5882,2.7002,1.087,12.5,1.1224,9.1715
1286,Shanghai Masters,R128,2025-10-01,True,0.6789028085452214,0.69,0.6888902808545221,-211,211,-223,223,-221,221,1.473,3.1143,1.4493,3.2258,1.4516,3.2143
2328,Dallas,SF,2025-02-03,True,0.569372140972727,0.5942305677651507,0.5917447250859084,-132,132,-146,146,-145,145,1.7563,2.3222,1.6828,2.4645,1.6899,2.4494
2916,ATP Hong Kong,QF,,False,0.6223950761787994,0.6584363363643208,0.6548322103457687,-165,165,-193,193,-190,190,1.6067,2.6483,1.5187,2.9277,1.5271,2.8971
2330,Dallas,R16,2025-02-03,True,0.6061951112616609,0.83,0.8076195111261661,-154,154,-488,488,-420,420,1.6496,2.5393,1.2048,5.8824,1.2382,5.198
964,Madrid Masters,R64,2025-04-23,True,0.6803109177763182,0.62,0.6260310917776318,-213,213,-163,163,-167,167,1.4699,3.128,1.6129,2.6316,1.5974,2.674
2830,Miami Masters,R64,2025-03-19,True,0.6089637335424782,0.59,0.5918963733542478,-156,156,-144,144,-145,145,1.6421,2.5573,1.6949,2.439,1.6895,2.4504
2829,Miami Masters,R32,2025-03-19,True,0.5806385249907888,0.66,0.6520638524990789,-138,138,-194,194,-187,187,1.7222,2.3846,1.5152,2.9412,1.5336,2.8741
2022,Delray Beach,R16,2025-02-10,True,0.6296609937817956,0.73,0.7199660993781796,-170,170,-270,270,-257,257,1.5882,2.7002,1.3699,3.7037,1.389,3.571
959,Roland Garros,R32,2025-05-26,True,0.6168623969922474,0.72,0.7096862396992247,-161,161,-257,257,-244,244,1.6211,2.61,1.3889,3.5714,1.4091,3.4445
2314,Rome Masters,R64,2025-05-07,True,0.6718773017874665,0.7469437346927407,0.7394370914022133,-205,205,-295,295,-284,284,1.4884,3.0476,1.3388,3.9517,1.3524,3.8378
2313,Rome Masters,R32,2025-05-07,True,0.6372324499785813,0.71,0.7027232449978581,-176,176,-245,245,-236,236,1.5693,2.7566,1.4085,3.4483,1.423,3.3639
2312,Rome Masters,R16,2025-05-07,True,0.5441960630135221,0.63,0.6214196063013523,-119,119,-170,170,-164,164,1.8376,2.1939,1.5873,2.7027,1.6092,2.6414
1113,Australian Open,R16,2025-01-13,True,0.6223950761787994,0.6584363363643208,0.6548322103457687,-165,165,-193,193,-190,190,1.6067,2.6483,1.5187,2.9277,1.5271,2.8971
1114,Australian Open,R32,2025-01-13,True,0.6223950761787994,0.6584363363643208,0.6548322103457687,-165,165,-193,193,-190,190,1.6067,2.6483,1.5187,2.9277,1.5271,2.8971
1115,Australian Open,R64,2025-01-13,True,0.6223950761787994,0.6584363363643208,0.6548322103457687,-165,165,-193,193,-190,190,1.6067,2.6483,1.5187,2.9277,1.5271,2.8971
880,Miami Masters,R128,2025-03-19,True,0.5366837851305526,0.63,0.6206683785130553,-116,116,-170,170,-164,164,1.8633,2.1584,1.5873,2.7027,1.6112,2.6362
1897,Buenos Aires,R16,2025-02-10,True,0.6161829549666782,0.54,0.5476182954966679,-161,161,-117,117,-121,121,1.6229,2.6054,1.8519,2.1739,1.8261,2.2105
2686,Roland Garros,R16,2025-05-26,True,0.6789028085452214,0.85,0.8328902808545222,-211,211,-567,567,-498,498,1.473,3.1143,1.1765,6.6667,1.2006,5.9841
2689,Roland Garros,R128,2025-05-26,True,0.6409423745694702,0.75,0.739094237456947,-179,179,-300,300,-283,283,1.5602,2.7851,1.3333,4.0,1.353,3.8328
2690,Hamburg,R32,2025-05-18,True,0.7268600923655887,0.6,0.6126860092365589,-266,266,-150,150,-158,158,1.3758,3.6611,1.6667,2.5,1.6322,2.5819
865,Mallorca,R16,2025-06-22,True,0.6061951112616609,0.57,0.5736195111261662,-154,154,-133,133,-135,135,1.6496,2.5393,1.7544,2.3256,1.7433,2.3453
859,Washington,R16,2025-07-21,True,0.5857405658071154,0.73,0.7155740565807116,-141,141,-270,270,-252,252,1.7072,2.4139,1.3699,3.7037,1.3975,3.5159
870,Roland Garros,R128,2025-05-26,True,0.6257055664748405,0.49,0.5035705566474841,-167,167,104,-104,-101,101,1.5982,2.6717,2.0408,1.9608,1.9858,2.0144
860,Washington,R32,2025-07-21,True,0.569372140972727,0.56,0.5609372140972728,-132,132,-127,127,-128,128,1.7563,2.3222,1.7857,2.2727,1.7827,2.2776
2960,ATP Brisbane,QF,,False,0.6223950761787994,0.6584363363643208,0.6548322103457687,-165,165,-193,193,-190,190,1.6067,2.6483,1.5187,2.9277,1.5271,2.8971
2699,Munich,R16,2025-04-14,True,0.6840594929269452,0.61,0.6174059492926945,-217,217,-156,156,-161,161,1.4619,3.1652,1.6393,2.5641,1.6197,2.6137
868,Stuttgart,R16,2025-06-09,True,0.6061951112616609,0.3830944527736132,0.405404518622418,-154,154,161,-161,147,-147,1.6496,2.5393,2.6103,1.621,2.4667,1.6818
2834,Santiago,SF,2025-02-24,True,0.5836482888642756,0.57,0.5713648288864276,-140,140,-133,133,-133,133,1.7134,2.4018,1.7544,2.3256,1.7502,2.333
876,Munich,R32,2025-04-14,True,0.5730450446456307,0.4,0.41730450446456313,-134,134,150,-150,140,-140,1.7451,2.3422,2.5,1.6667,2.3963,1.7162
1901,Australian Open,R128,2025-01-13,True,0.6223950761787994,0.6584363363643208,0.6548322103457687,-165,165,-193,193,-190,190,1.6067,2.6483,1.5187,2.9277,1.5271,2.8971
1899,Australian Open,R32,2025-01-13,True,0.6223950761787994,0.6584363363643206,0.6548322103457684,-165,165,-193,193,-190,190,1.6067,2.6483,1.5187,2.9277,1.5271,2.8971
1862,Wimbledon,R64,2025-06-30,True,0.7660791080318974,0.7,0.7066079108031897,-327,327,-233,233,-241,241,1.3053,4.2749,1.4286,3.3333,1.4152,3.4084
1984,Cincinnati Masters,R32,2025-08-07,True,0.569372140972727,0.66,0.6509372140972728,-132,132,-194,194,-186,186,1.7563,2.3222,1.5152,2.9412,1.5362,2.8648
1985,Cincinnati Masters,R64,2025-08-07,True,0.5769242392765032,0.69,0.6786924239276503,-136,136,-223,223,-211,211,1.7333,2.3636,1.4493,3.2258,1.4734,3.1123
1986,Cincinnati Masters,R128,2025-08-07,True,0.5769242392765032,0.81,0.7866924239276504,-136,136,-426,426,-369,369,1.7333,2.3636,1.2346,5.2632,1.2711,4.6881
872,Rome Masters,R64,2025-05-07,True,0.5876166048223195,0.644726356766659,0.6390153815722251,-142,142,-181,181,-177,177,1.7018,2.4249,1.551,2.8147,1.5649,2.7702
1996,Mallorca,R16,2025-06-22,True,0.6303404358073649,0.66,0.6570340435807366,-171,171,-194,194,-192,192,1.5864,2.7052,1.5152,2.9412,1.522,2.9157
2692,Turin CH,QF,2025-05-13,True,0.6161829549666782,0.69,0.6826182954966679,-161,161,-223,223,-215,215,1.6229,2.6054,1.4493,3.2258,1.4649,3.1508
1995,Wimbledon,R128,2025-06-30,True,0.6652209417973214,0.67,0.6695220941797322,-199,199,-203,203,-203,203,1.5033,2.987,1.4925,3.0303,1.4936,3.0259
2020,Indian Wells Masters,R128,2025-03-05,True,0.612407232473782,0.38,0.40324072324737825,-158,158,163,-163,148,-148,1.6329,2.58,2.6316,1.6129,2.4799,1.6757
1875,Roland Garros,R64,2025-05-26,True,0.542857950432272,0.37,0.38728579504322724,-119,119,170,-170,158,-158,1.8421,2.1875,2.7027,1.5873,2.5821,1.6321
2018,Miami Masters,R128,2025-03-19,True,0.6756061052485182,0.5,0.5175606105248518,-208,208,-100,-100,-107,107,1.4802,3.0827,2.0,2.0,1.9321,2.0728
1287,Tokyo,QF,2025-09-24,True,0.569372140972727,0.5,0.5069372140972728,-132,132,-100,-100,-103,103,1.7563,2.3222,2.0,2.0,1.9726,2.0281
1292,US Open,R128,2025-08-25,True,0.6803109177763182,0.44,0.46403109177763185,-213,213,127,-127,116,-116,1.4699,3.128,2.2727,1.7857,2.155,1.8658
738,Madrid Masters,R16,2025-04-23,True,0.6175531236655037,0.57,0.5747553123665504,-161,161,-133,133,-135,135,1.6193,2.6147,1.7544,2.3256,1.7399,2.3516
739,Madrid Masters,R32,2025-04-23,True,0.5730450446456307,0.75,0.7323045044645631,-134,134,-300,300,-274,274,1.7451,2.3422,1.3333,4.0,1.3656,3.7356
741,Madrid Masters,R128,2025-04-23,True,0.6831370487436315,0.8,0.7883137048743633,-216,216,-400,400,-372,372,1.4638,3.1559,1.25,5.0,1.2685,4.724
2005,Roland Garros,R128,2025-05-26,True,0.6263850085004098,0.78,0.764638500850041,-168,168,-355,355,-325,325,1.5965,2.6766,1.2821,4.5455,1.3078,4.2488
2921,ATP Hong Kong,QF,,False,0.4874826505279186,0.631830436324938,0.617395657745236,105,-105,-172,172,-161,161,2.0514,1.9512,1.5827,2.7161,1.6197,2.6137
736,Rome Masters,R64,2025-05-07,True,0.5986016309165028,0.56,0.5638601630916504,-149,149,-127,127,-129,129,1.6706,2.4913,1.7857,2.2727,1.7735,2.2928
2712,Acapulco,R16,2025-02-24,True,0.6860662595232131,0.65,0.6536066259523214,-219,219,-186,186,-189,189,1.4576,3.1854,1.5385,2.8571,1.53,2.8869
2011,Madrid Masters,R64,2025-04-23,True,0.569372140972727,0.45,0.46193721409727273,-132,132,122,-122,116,-116,1.7563,2.3222,2.2222,1.8182,2.1648,1.8585
732,Turin CH,SF,2025-05-13,True,0.6409423745694702,0.7823002340354397,0.7681644480888428,-179,179,-359,359,-331,331,1.5602,2.7851,1.2783,4.5935,1.3018,4.3134
1753,Indian Wells Masters,R32,2025-03-05,True,0.6266512299083089,0.65,0.647665122990831,-168,168,-186,186,-184,184,1.5958,2.6785,1.5385,2.8571,1.544,2.8382
1754,Indian Wells Masters,R64,2025-03-05,True,0.6409423745694702,0.59,0.595094237456947,-179,179,-144,144,-147,147,1.5602,2.7851,1.6949,2.439,1.6804,2.4697
742,Munich,R32,2025-04-14,True,0.6223950761787994,0.45882884803199436,0.4751854708466749,-165,165,118,-118,110,-110,1.6067,2.6483,2.1795,1.8478,2.1044,1.9054
2065,Madrid Masters,QF,2025-04-23,True,0.7071046438950228,0.751830436324938,0.7473578570819465,-241,241,-303,303,-296,296,1.4142,3.4142,1.3301,4.0295,1.338,3.9582
2066,Madrid Masters,R16,2025-04-23,True,0.7080270880783366,0.5230944527736132,0.5415877163040855,-242,242,-110,110,-118,118,1.4124,3.425,1.9117,2.0969,1.8464,2.1814
2074,Monte Carlo Masters,Q1,2025-04-07,True,0.6993238604815307,0.62,0.6279323860481532,-233,233,-163,163,-169,169,1.43,3.3258,1.6129,2.6316,1.5925,2.6877
1893,Indian Wells Masters,R64,2025-03-05,True,0.6368035835898274,0.67,0.6666803583589829,-175,175,-203,203,-200,200,1.5703,2.7533,1.4925,3.0303,1.5,3.0001
1890,Phoenix CH,QF,2025-03-11,True,0.633676456966474,0.5385348940772314,0.5480490503661557,-173,173,-117,117,-121,121,1.5781,2.7298,1.8569,2.167,1.8247,2.2126
2000,Queen's Club,R32,2025-06-16,True,0.6268923715009783,0.68,0.6746892371500979,-168,168,-213,213,-207,207,1.5952,2.6802,1.4706,3.125,1.4822,3.074
747,Miami Masters,R128,2025-03-19,True,0.6840594929269452,0.78,0.7704059492926946,-217,217,-355,355,-336,336,1.4619,3.1652,1.2821,4.5455,1.298,4.3555
746,Miami Masters,R64,2025-03-19,True,0.6379615445715767,0.59,0.5947961544571577,-176,176,-144,144,-147,147,1.5675,2.7621,1.6949,2.439,1.6812,2.4679
974,Indian Wells Masters,R64,2025-03-05,True,0.6523552914844142,0.63,0.6322355291484415,-188,188,-170,170,-172,172,1.5329,2.8765,1.5873,2.7027,1.5817,2.7191
1998,Queen's Club,QF,2025-06-16,True,0.6303404358073649,0.7,0.6930340435807365,-171,171,-233,233,-226,226,1.5864,2.7052,1.4286,3.3333,1.4429,3.2577
2004,Stuttgart,R32,2025-06-09,True,0.6303404358073649,0.86,0.8370340435807365,-171,171,-614,614,-514,514,1.5864,2.7052,1.1628,7.1429,1.1947,6.1363
1730,Roland Garros,R16,2025-05-26,True,0.6131731910931915,0.58,0.5833173191093192,-159,159,-138,138,-140,140,1.6309,2.5851,1.7241,2.381,1.7143,2.3999
1733,Roland Garros,R128,2025-05-26,True,0.6789028085452214,0.7,0.6978902808545222,-211,211,-233,233,-231,231,1.473,3.1143,1.4286,3.3333,1.4329,3.3101
748,Phoenix CH,F,2025-03-11,True,0.5986016309165028,0.33,0.3568601630916503,-149,149,203,-203,180,-180,1.6706,2.4913,3.0303,1.4925,2.8022,1.5549
749,Phoenix CH,SF,2025-03-11,True,0.6224417723575957,0.68,0.6742441772357597,-165,165,-213,213,-207,207,1.6066,2.6486,1.4706,3.125,1.4831,3.0698
1979,US Open,R16,2025-08-25,True,0.6094589053789057,0.6457343952583813,0.6421068462704337,-156,156,-182,182,-179,179,1.6408,2.5606,1.5486,2.8227,1.5574,2.7941
1981,US Open,R64,2025-08-25,True,0.6329970149409048,0.76,0.7472997014940905,-172,172,-317,317,-296,296,1.5798,2.7248,1.3158,4.1667,1.3382,3.9573
883,Acapulco,R16,2025-02-24,True,0.5730450446456307,0.62,0.6153045044645631,-134,134,-163,163,-160,160,1.7451,2.3422,1.6129,2.6316,1.6252,2.5995
882,Acapulco,QF,2025-02-24,True,0.6756061052485182,0.7332498853245204,0.7274855073169202,-208,208,-275,275,-267,267,1.4802,3.0827,1.3638,3.7488,1.3746,3.6695
1879,Rome Masters,R64,2025-05-07,True,0.6308189547635452,0.77,0.7560818954763546,-171,171,-335,335,-310,310,1.5852,2.7087,1.2987,4.3478,1.3226,4.0997
1878,Rome Masters,R32,2025-05-07,True,0.5876166048223195,0.59,0.589761660482232,-142,142,-144,144,-144,144,1.7018,2.4249,1.6949,2.439,1.6956,2.4376
1877,Rome Masters,R16,2025-05-07,True,0.5459881777088627,0.38,0.3965988177708863,-120,120,163,-163,152,-152,1.8315,2.2026,2.6316,1.6129,2.5214,1.6573
1864,Mallorca,F,2025-06-22,True,0.7360357751147678,0.46,0.4876035775114768,-279,279,117,-117,105,-105,1.3586,3.7884,2.1739,1.8519,2.0508,1.9516
1865,Mallorca,SF,2025-06-22,True,0.6409423745694702,0.808451229415485,0.7917003439308835,-179,179,-422,422,-380,380,1.5602,2.7851,1.2369,5.2206,1.2631,4.8008
1867,Mallorca,R16,2025-06-22,True,0.7080270880783366,0.78,0.7728027088078337,-242,242,-355,355,-340,340,1.4124,3.425,1.2821,4.5455,1.294,4.4015
1866,Mallorca,QF,2025-06-22,True,0.6293607874589061,0.7330944527736132,0.7227210862421425,-170,170,-275,275,-261,261,1.5889,2.698,1.3641,3.7466,1.3837,3.6065
884,Acapulco,R32,2025-02-24,True,0.6159418133740089,0.56,0.565594181337401,-160,160,-127,127,-130,130,1.6235,2.6038,1.7857,2.2727,1.7681,2.302
2703,Monte Carlo Masters,R64,2025-04-07,True,0.6117918319601545,0.59,0.5921791831960155,-158,158,-144,144,-145,145,1.6345,2.5759,1.6949,2.439,1.6887,2.4521
2701,Monte Carlo Masters,R16,2025-04-07,True,0.6055797107480332,0.52,0.5285579710748034,-154,154,-108,108,-112,112,1.6513,2.5354,1.9231,2.0833,1.8919,2.1212
2961,ATP Brisbane,QF,,False,0.4926144653789928,0.49895461810727665,0.49832060283444823,103,-103,100,-100,101,-101,2.03,1.9709,2.0042,1.9958,2.0067,1.9933
2907,ATP Brisbane,QF,,False,0.5053490972854247,0.6503098722302374,0.6358137947357562,-102,102,-186,186,-175,175,1.9788,2.0216,1.5377,2.8597,1.5728,2.7458
2705,Monte Carlo Masters,Q1,2025-04-07,True,0.6368035835898274,0.56,0.5676803583589829,-175,175,-127,127,-131,131,1.5703,2.7533,1.7857,2.2727,1.7616,2.3131
2233,Tokyo,QF,2025-09-24,True,0.5769242392765032,0.42,0.43569242392765034,-136,136,138,-138,130,-130,1.7333,2.3636,2.381,1.7241,2.2952,1.7721
2090,Australian Open,R64,2025-01-13,True,0.6223950761787994,0.6584363363643208,0.6548322103457687,-165,165,-193,193,-190,190,1.6067,2.6483,1.5187,2.9277,1.5271,2.8971
2232,Tokyo,SF,2025-09-24,True,0.5192994884196587,0.54,0.5379299488419659,-108,108,-117,117,-116,116,1.9257,2.0803,1.8519,2.1739,1.859,2.1642
2234,Tokyo,R16,2025-09-24,True,0.5806385249907888,0.49,0.4990638524990789,-138,138,104,-104,100,-100,1.7222,2.3846,2.0408,1.9608,2.0038,1.9963
2235,Tokyo,R32,2025-09-24,True,0.6614870870854493,0.68,0.678148708708545,-195,195,-213,213,-211,211,1.5117,2.9541,1.4706,3.125,1.4746,3.107
2077,Miami Masters,R64,2025-03-19,True,0.6198432269901408,0.71,0.7009843226990141,-163,163,-245,245,-234,234,1.6133,2.6305,1.4085,3.4483,1.4266,3.3443
2844,Buenos Aires,R32,2025-02-10,True,0.6935470103329527,0.7612995844352096,0.754524327024984,-226,226,-319,319,-307,307,1.4419,3.2631,1.3135,4.1894,1.3253,4.0737
2081,Indian Wells Masters,R64,2025-03-05,True,0.7100553630762876,0.7418405446740037,0.7386620265142321,-245,245,-287,287,-283,283,1.4083,3.4489,1.348,3.8736,1.3538,3.8265
1747,Barcelona,R32,2025-04-14,True,0.6131731910931915,0.45,0.4663173191093192,-159,159,122,-122,114,-114,1.6309,2.5851,2.2222,1.8182,2.1445,1.8738
2085,Acapulco,R32,2025-02-24,True,0.6061951112616609,0.49,0.5016195111261661,-154,154,104,-104,-101,101,1.6496,2.5393,2.0408,1.9608,1.9935,2.0065
1870,Queen's Club,R32,2025-06-16,True,0.594928727243599,0.48,0.49149287272435993,-147,147,108,-108,103,-103,1.6809,2.4687,2.0833,1.9231,2.0346,1.9665
1871,Queen's Club,Q2,2025-06-16,True,0.6161829549666782,0.86,0.8356182954966679,-161,161,-614,614,-508,508,1.6229,2.6054,1.1628,7.1429,1.1967,6.0834
1735,Geneva,QF,2025-05-18,True,0.6409423745694702,0.86,0.838094237456947,-179,179,-614,614,-518,518,1.5602,2.7851,1.1628,7.1429,1.1932,6.1764
1736,Geneva,R16,2025-05-18,True,0.6793884735930046,0.68,0.6799388473593005,-212,212,-213,213,-212,212,1.4719,3.119,1.4706,3.125,1.4707,3.1244
1734,Geneva,SF,2025-05-18,True,0.7081914323080117,0.47,0.49381914323080117,-243,243,113,-113,103,-103,1.412,3.4269,2.1277,1.8868,2.025,1.9756
2909,ATP Brisbane,QF,,False,0.5165990610386488,0.49895461810727665,0.5007190624004139,-107,107,100,-100,-100,100,1.9357,2.0687,2.0042,1.9958,1.9971,2.0029
1873,Stuttgart,R16,2025-06-09,True,0.569372140972727,0.46,0.47093721409727274,-132,132,117,-117,112,-112,1.7563,2.3222,2.1739,1.8519,2.1234,1.8901
1745,Madrid Masters,R64,2025-04-23,True,0.7153674085450616,0.56,0.5755367408545062,-251,251,-127,127,-136,136,1.3979,3.5133,1.7857,2.2727,1.7375,2.3559
1744,Madrid Masters,R32,2025-04-23,True,0.6161829549666782,0.52,0.5296182954966678,-161,161,-108,108,-113,113,1.6229,2.6054,1.9231,2.0833,1.8882,2.1259
1740,Rome Masters,R64,2025-05-07,True,0.5986016309165028,0.38,0.4018601630916503,-149,149,163,-163,149,-149,1.6706,2.4913,2.6316,1.6129,2.4884,1.6718
2838,Rio de Janeiro,SF,2025-02-17,True,0.5878577464149888,0.57,0.5717857746414989,-143,143,-133,133,-134,134,1.7011,2.4263,1.7544,2.3256,1.7489,2.3353
2236,US Open,R64,2025-08-25,True,0.6064362528543302,0.6,0.600643625285433,-154,154,-150,150,-150,150,1.649,2.5409,1.6667,2.5,1.6649,2.504
2718,Rotterdam,R16,2025-02-03,True,0.6294198521891263,0.75,0.7379419852189126,-170,170,-300,300,-282,282,1.5888,2.6985,1.3333,4.0,1.3551,3.8159
2717,Rotterdam,QF,2025-02-03,True,0.6294198521891263,0.587789288998948,0.5919523453179658,-170,170,-143,143,-145,145,1.5888,2.6985,1.7013,2.4259,1.6893,2.4507
2853,Australian Open,R128,2025-01-13,True,0.6223950761787994,0.6584363363643208,0.6548322103457687,-165,165,-193,193,-190,190,1.6067,2.6483,1.5187,2.9277,1.5271,2.8971
977,Buenos Aires,F,2025-02-10,True,0.7426407038060818,0.8640197351337315,0.8518818320009667,-289,289,-635,635,-575,575,1.3465,3.8856,1.1574,7.354,1.1739,6.7514
982,Davis Cup QLS R1: BRA vs FRA,RR,2025-02-01,True,0.7186267916477161,0.3612995844352097,0.3970323051564604,-255,255,177,-177,152,-152,1.3915,3.554,2.7678,1.5657,2.5187,1.6585
2243,Wimbledon,R64,2025-06-30,True,0.665175804304927,0.65,0.6515175804304928,-199,199,-186,186,-187,187,1.5034,2.9866,1.5385,2.8571,1.5349,2.8696
2238,Cincinnati Masters,R32,2025-08-07,True,0.5730450446456307,0.6,0.5973045044645631,-134,134,-150,150,-148,148,1.7451,2.3422,1.6667,2.5,1.6742,2.4833
2244,Wimbledon,R128,2025-06-30,True,0.7081914323080117,0.62,0.6288191432308012,-243,243,-163,163,-169,169,1.412,3.4269,1.6129,2.6316,1.5903,2.6941
2241,Canada Masters,R128,2025-07-27,True,0.5730450446456307,0.74,0.7233045044645631,-134,134,-285,285,-261,261,1.7451,2.3422,1.3514,3.8462,1.3825,3.6141
2905,ATP Brisbane,QF,,False,0.6223950761787994,0.6584363363643206,0.6548322103457684,-165,165,-193,193,-190,190,1.6067,2.6483,1.5187,2.9277,1.5271,2.8971
983,Australian Open,R64,2025-01-13,True,0.6223950761787994,0.6584363363643208,0.6548322103457687,-165,165,-193,193,-190,190,1.6067,2.6483,1.5187,2.9277,1.5271,2.8971
984,Australian Open,R128,2025-01-13,True,0.6223950761787994,0.6584363363643208,0.6548322103457687,-165,165,-193,193,-190,190,1.6067,2.6483,1.5187,2.9277,1.5271,2.8971
2932,Canberra Challenger,QF,,False,0.6223950761787994,0.6584363363643208,0.6548322103457687,-165,165,-193,193,-190,190,1.6067,2.6483,1.5187,2.9277,1.5271,2.8971
891,Australian Open,R64,2025-01-13,True,0.6223950761787994,0.6584363363643208,0.6548322103457687,-165,165,-193,193,-190,190,1.6067,2.6483,1.5187,2.9277,1.5271,2.8971
889,Australian Open,R16,2025-01-13,True,0.6223950761787994,0.6584363363643208,0.6548322103457687,-165,165,-193,193,-190,190,1.6067,2.6483,1.5187,2.9277,1.5271,2.8971
2936,Canberra Challenger,QF,,False,0.6223950761787994,0.6584363363643206,0.6548322103457684,-165,165,-193,193,-190,190,1.6067,2.6483,1.5187,2.9277,1.5271,2.8971
2246,Eastbourne,SF,2025-06-23,True,0.6061951112616609,0.67,0.6636195111261662,-154,154,-203,203,-197,197,1.6496,2.5393,1.4925,3.0303,1.5069,2.9728
2248,Eastbourne,R16,2025-06-23,True,0.6061951112616609,0.82,0.798619511126166,-154,154,-456,456,-397,397,1.6496,2.5393,1.2195,5.5556,1.2522,4.9657
2245,Eastbourne,F,2025-06-23,True,0.594928727243599,0.56,0.56349287272436,-147,147,-127,127,-129,129,1.6809,2.4687,1.7857,2.2727,1.7746,2.2909
2252,Queen's Club,R32,2025-06-16,True,0.5730450446456307,0.64,0.6333045044645631,-134,134,-178,178,-173,173,1.7451,2.3422,1.5625,2.7778,1.579,2.7271
2924,ATP Hong Kong,QF,,False,0.5050147764638145,0.7239714028720182,0.7020757402311979,-102,102,-262,262,-236,236,1.9801,2.0203,1.3813,3.6228,1.4243,3.3566
2255,Roland Garros,R64,2025-05-26,True,0.68279085942475,0.69,0.689279085942475,-215,215,-223,223,-222,222,1.4646,3.1525,1.4493,3.2258,1.4508,3.2183
2974,Canberra Challenger,SF,,False,0.6223950761787994,0.6584363363643208,0.6548322103457687,-165,165,-193,193,-190,190,1.6067,2.6483,1.5187,2.9277,1.5271,2.8971
2937,Canberra Challenger,QF,,False,0.6223950761787994,0.6584363363643208,0.6548322103457687,-165,165,-193,193,-190,190,1.6067,2.6483,1.5187,2.9277,1.5271,2.8971
2257,Geneva,Q2,2025-05-18,True,0.5769242392765032,0.64,0.6336924239276504,-136,136,-178,178,-173,173,1.7333,2.3636,1.5625,2.7778,1.5781,2.7299
2972,Canberra Challenger,SF,,False,0.6223950761787994,0.6584363363643206,0.6548322103457684,-165,165,-193,193,-190,190,1.6067,2.6483,1.5187,2.9277,1.5271,2.8971
2934,Canberra Challenger,QF,,False,0.6223950761787994,0.6584363363643206,0.6548322103457684,-165,165,-193,193,-190,190,1.6067,2.6483,1.5187,2.9277,1.5271,2.8971
2952,Noumea Challenger,QF,,False,0.6223950761787994,0.6584363363643208,0.6548322103457687,-165,165,-193,193,-190,190,1.6067,2.6483,1.5187,2.9277,1.5271,2.8971
1827,Davis Cup WG1 PO: MON vs POR,RR,2025-02-01,True,0.6268923715009783,0.56,0.566689237150098,-168,168,-127,127,-131,131,1.5952,2.6802,1.7857,2.2727,1.7646,2.3078
1770,Shanghai Masters,SF,2025-10-01,True,0.6161829549666782,0.544726356766659,0.551872016586661,-161,161,-120,120,-123,123,1.6229,2.6054,1.8358,2.1965,1.812,2.2315
1773,Shanghai Masters,R32,2025-10-01,True,0.6203217459463211,0.58,0.5840321745946321,-163,163,-138,138,-140,140,1.6121,2.6338,1.7241,2.381,1.7122,2.404
1772,Shanghai Masters,R16,2025-10-01,True,0.5808796665834582,0.61,0.6070879666583459,-139,139,-156,156,-155,155,1.7215,2.3859,1.6393,2.5641,1.6472,2.5451
1774,Shanghai Masters,R64,2025-10-01,True,0.5730450446456307,0.47,0.4803045044645631,-134,134,113,-113,108,-108,1.7451,2.3422,2.1277,1.8868,2.082,1.9242
1771,Shanghai Masters,QF,2025-10-01,True,0.5808796665834582,0.62,0.6160879666583459,-139,139,-163,163,-160,160,1.7215,2.3859,1.6129,2.6316,1.6231,2.6048
1769,Shanghai Masters,F,2025-10-01,True,0.5769242392765032,0.49,0.49869242392765034,-136,136,104,-104,101,-101,1.7333,2.3636,2.0408,1.9608,2.0052,1.9948
2956,Noumea Challenger,QF,,False,0.6223950761787994,0.6584363363643206,0.6548322103457684,-165,165,-193,193,-190,190,1.6067,2.6483,1.5187,2.9277,1.5271,2.8971
1806,Aix-en-Provence CH,R16,2025-04-29,True,0.6621765800660151,0.77,0.7592176580066016,-196,196,-335,335,-315,315,1.5102,2.9601,1.2987,4.3478,1.3171,4.1531
2969,Bengaluru Challenger,SF,,False,0.6223950761787994,0.6584363363643208,0.6548322103457687,-165,165,-193,193,-190,190,1.6067,2.6483,1.5187,2.9277,1.5271,2.8971
2957,Noumea Challenger,QF,,False,0.6223950761787994,0.6584363363643208,0.6548322103457687,-165,165,-193,193,-190,190,1.6067,2.6483,1.5187,2.9277,1.5271,2.8971
2986,Noumea Challenger,SF,,False,0.6223950761787994,0.6584363363643208,0.6548322103457687,-165,165,-193,193,-190,190,1.6067,2.6483,1.5187,2.9277,1.5271,2.8971
2978,Nonthaburi 1 Challenger,SF,,False,0.6223950761787994,0.6584363363643208,0.6548322103457687,-165,165,-193,193,-190,190,1.6067,2.6483,1.5187,2.9277,1.5271,2.8971
1810,Monte Carlo Masters,R32,2025-04-07,True,0.7284483602019736,0.66,0.6668448360201974,-268,268,-194,194,-200,200,1.3728,3.6825,1.5152,2.9412,1.4996,3.0016
2981,Nottingham Challenger,SF,,False,0.6223950761787994,0.6584363363643206,0.6548322103457684,-165,165,-193,193,-190,190,1.6067,2.6483,1.5187,2.9277,1.5271,2.8971
2917,ATP Hong Kong,QF,,False,0.5376392197380957,0.8218304363249379,0.7934113146662537,-116,116,-461,461,-384,384,1.86,2.1628,1.2168,5.6126,1.2604,4.8405
2964,ATP Hong Kong,QF,,False,0.6223950761787994,0.6584363363643208,0.6548322103457687,-165,165,-193,193,-190,190,1.6067,2.6483,1.5187,2.9277,1.5271,2.8971
2941,Nonthaburi 1 Challenger,QF,,False,0.6223950761787994,0.6584363363643206,0.6548322103457684,-165,165,-193,193,-190,190,1.6067,2.6483,1.5187,2.9277,1.5271,2.8971
2947,Nottingham Challenger,QF,,False,0.6223950761787994,0.6584363363643206,0.6548322103457684,-165,165,-193,193,-190,190,1.6067,2.6483,1.5187,2.9277,1.5271,2.8971
2944,Nottingham Challenger,QF,,False,0.6223950761787994,0.6584363363643208,0.6548322103457687,-165,165,-193,193,-190,190,1.6067,2.6483,1.5187,2.9277,1.5271,2.8971
2980,Nottingham Challenger,SF,,False,0.6223950761787994,0.6584363363643208,0.6548322103457687,-165,165,-193,193,-190,190,1.6067,2.6483,1.5187,2.9277,1.5271,2.8971
2949,Nottingham Challenger,QF,,False,0.6223950761787994,0.6584363363643208,0.6548322103457687,-165,165,-193,193,-190,190,1.6067,2.6483,1.5187,2.9277,1.5271,2.8971
2968,Bengaluru Challenger,SF,,False,0.6223950761787994,0.6584363363643208,0.6548322103457687,-165,165,-193,193,-190,190,1.6067,2.6483,1.5187,2.9277,1.5271,2.8971
2928,Bengaluru Challenger,QF,,False,0.6223950761787994,0.6584363363643208,0.6548322103457687,-165,165,-193,193,-190,190,1.6067,2.6483,1.5187,2.9277,1.5271,2.8971
2965,ATP Hong Kong,QF,,False,0.5299788599301194,0.7475648315833192,0.7258062344179992,-113,113,-296,296,-265,265,1.8869,2.1276,1.3377,3.9614,1.3778,3.6471
2920,ATP Hong Kong,QF,,False,0.5407772595947187,0.5036709809989417,0.5073816088585195,-118,118,-101,101,-103,103,1.8492,2.1776,1.9854,2.0148,1.9709,2.03
2940,Nonthaburi 1 Challenger,QF,,False,0.6223950761787994,0.6584363363643208,0.6548322103457687,-165,165,-193,193,-190,190,1.6067,2.6483,1.5187,2.9277,1.5271,2.8971
2976,Nonthaburi 1 Challenger,SF,,False,0.6223950761787994,0.6584363363643208,0.6548322103457687,-165,165,-193,193,-190,190,1.6067,2.6483,1.5187,2.9277,1.5271,2.8971
2262,Houston,SF,2025-03-31,True,0.5730450446456307,0.47309445277361317,0.48308951196081495,-134,134,111,-111,107,-107,1.7451,2.3422,2.1137,1.8979,2.07,1.9346
2261,Houston,F,2025-03-31,True,0.6296609937817956,0.41,0.43196609937817954,-170,170,144,-144,131,-131,1.5882,2.7002,2.439,1.6949,2.315,1.7605
2984,Noumea Challenger,SF,,False,0.6223950761787994,0.6584363363643208,0.6548322103457687,-165,165,-193,193,-190,190,1.6067,2.6483,1.5187,2.9277,1.5271,2.8971
2953,Noumea Challenger,QF,,False,0.6223950761787994,0.6584363363643208,0.6548322103457687,-165,165,-193,193,-190,190,1.6067,2.6483,1.5187,2.9277,1.5271,2.8971
2929,Bengaluru Challenger,QF,,False,0.6223950761787994,0.6584363363643206,0.6548322103457684,-165,165,-193,193,-190,190,1.6067,2.6483,1.5187,2.9277,1.5271,2.8971
2946,Nottingham Challenger,QF,,False,0.6223950761787994,0.6584363363643208,0.6548322103457687,-165,165,-193,193,-190,190,1.6067,2.6483,1.5187,2.9277,1.5271,2.8971
2269,Indian Wells Masters,R32,2025-03-05,True,0.6296609937817956,0.6420153502922623,0.6407799146412156,-170,170,-179,179,-178,178,1.5882,2.7002,1.5576,2.7934,1.5606,2.7838
2270,Indian Wells Masters,R64,2025-03-05,True,0.5641612228585831,0.3949248890985511,0.4118485224745543,-129,129,153,-153,143,-143,1.7725,2.2944,2.5321,1.6527,2.4281,1.7002
2274,Dallas,R32,2025-02-03,True,0.594928727243599,0.8230944527736131,0.8002778802206117,-147,147,-465,465,-401,401,1.6809,2.4687,1.2149,5.6527,1.2496,5.007
